Rk,Player,FGA,Season,Age,Team,G,GS,AS,MP,FG,FGA,2P,2PA,3P,3PA,FT,FTA,ORB,DRB,TRB,AST,STL,BLK,TOV,PF,PTS,FG%,2P%,3P%,FT%,TS%,eFG%,Pos
0,Russell Westbrook,22,2014-15,26,OKC,67,67,1,34.4,9.4,22,8.1,17.7,1.3,4.3,8.1,9.8,1.9,5.4,7.3,8.6,2.1,0.2,4.4,2.7,28.1,0.426,0.457,0.299,0.835,0.536,0.455,G
1,Kobe Bryant,20.4,2014-15,36,LAL,35,35,1,34.5,7.6,20.4,6.1,15.1,1.5,5.3,5.6,6.9,0.7,4.9,5.7,5.6,1.3,0.2,3.7,1.9,22.3,0.373,0.401,0.293,0.813,0.477,0.411,G-F
2,Carmelo Anthony,20.2,2014-15,30,NYK,40,40,1,35.7,9,20.2,7.4,15.7,1.5,4.5,4.7,5.9,1.8,4.8,6.6,3.1,1,0.4,2.2,2.2,24.2,0.444,0.474,0.341,0.797,0.531,0.482,F
3,LaMarcus Aldridge,19.9,2014-15,29,POR,71,71,1,35.4,9.3,19.9,8.8,18.5,0.5,1.5,4.3,5.1,2.5,7.7,10.2,1.7,0.7,1,1.7,1.8,23.4,0.466,0.475,0.352,0.845,0.528,0.479,F-C
4,LeBron James,18.5,2014-15,30,CLE,69,69,1,36.1,9,18.5,7.3,13.6,1.7,4.9,5.4,7.7,0.7,5.3,6,7.4,1.6,0.7,3.9,2,25.3,0.488,0.536,0.354,0.71,0.577,0.535,F-G
5,James Harden,18.1,2014-15,25,HOU,81,81,1,36.8,8,18.1,5.4,11.3,2.6,6.9,8.8,10.2,0.9,4.7,5.7,7,1.9,0.7,4,2.6,27.4,0.44,0.48,0.375,0.868,0.605,0.511,G
6,DeMarcus Cousins,18.1,2014-15,24,SAC,59,59,1,34.1,8.4,18.1,8.4,17.9,0,0.1,7.2,9.2,3.1,9.5,12.7,3.6,1.5,1.7,4.3,4.1,24.1,0.467,0.469,0.25,0.782,0.545,0.468,C-F
7,Anthony Davis,17.6,2014-15,21,NOP,68,68,1,36.1,9.4,17.6,9.4,17.5,0,0.2,5.5,6.8,2.5,7.7,10.2,2.2,1.5,2.9,1.4,2.1,24.4,0.535,0.54,0.083,0.805,0.591,0.536,F-C
8,Dwyane Wade,17.5,2014-15,33,MIA,62,62,1,31.8,8.2,17.5,7.7,15.8,0.5,1.6,4.6,6,0.9,2.6,3.5,4.8,1.2,0.3,3.4,1.7,21.5,0.47,0.489,0.284,0.768,0.534,0.483,G
9,Kevin Durant,17.3,2014-15,26,OKC,27,27,1,33.8,8.8,17.3,6.4,11.4,2.4,5.9,5.4,6.3,0.6,6,6.6,4.1,0.9,0.9,2.7,1.5,25.4,0.51,0.565,0.403,0.854,0.633,0.578,F-G
10,Blake Griffin,17.1,2014-15,25,LAC,67,67,1,35.2,8.6,17.1,8.4,16.7,0.1,0.4,4.6,6.4,1.9,5.7,7.6,5.3,0.9,0.5,2.3,2.9,21.9,0.502,0.504,0.4,0.728,0.551,0.506,F-C
11,Chris Bosh,16.9,2014-15,30,MIA,44,44,1,35.4,7.8,16.9,6.4,13.1,1.4,3.8,4.1,5.3,1,6,7,2.2,0.9,0.6,2.2,1.6,21.1,0.46,0.485,0.375,0.772,0.548,0.503,F-C
12,Monta Ellis,16.9,2014-15,29,DAL,80,80,0,33.7,7.5,16.9,6.5,13.4,1,3.6,2.9,3.8,0.4,2,2.4,4.1,1.9,0.3,2.5,2.5,18.9,0.445,0.487,0.285,0.752,0.509,0.475,G
13,Klay Thompson,16.9,2014-15,24,GSW,77,77,1,31.9,7.8,16.9,4.7,9.8,3.1,7.1,2.9,3.3,0.4,2.9,3.2,2.9,1.1,0.8,1.9,1.6,21.7,0.463,0.481,0.439,0.879,0.591,0.555,G-F
14,Stephen Curry,16.8,2014-15,26,GSW,80,80,1,32.7,8.2,16.8,4.6,8.7,3.6,8.1,3.9,4.2,0.7,3.6,4.3,7.7,2,0.2,3.1,2,23.8,0.487,0.528,0.443,0.914,0.638,0.594,G
15,Damian Lillard,16.6,2014-15,24,POR,82,82,1,35.7,7.2,16.6,4.8,9.6,2.4,7,4.2,4.9,0.6,4,4.6,6.2,1.2,0.3,2.7,2,21,0.434,0.5,0.343,0.864,0.56,0.506,G
16,DeMar DeRozan,16.5,2014-15,25,TOR,60,60,0,35,6.8,16.5,6.4,15,0.4,1.5,6,7.2,0.7,3.9,4.6,3.5,1.2,0.2,2.3,2,20.1,0.413,0.426,0.284,0.832,0.51,0.426,G-F
17,Kyrie Irving,16.5,2014-15,22,CLE,75,75,1,36.4,7.7,16.5,5.6,11.4,2.1,5,4.2,4.9,0.7,2.4,3.2,5.2,1.5,0.3,2.5,1.9,21.7,0.468,0.491,0.415,0.863,0.583,0.532,G
18,Rudy Gay,16.4,2014-15,28,SAC,68,67,0,35.4,7.5,16.4,6.3,13.2,1.2,3.2,5,5.8,1.4,4.4,5.9,3.7,1,0.6,2.7,2.3,21.1,0.455,0.479,0.359,0.858,0.556,0.491,F
19,Derrick Rose,16.4,2014-15,26,CHI,51,51,0,30,6.6,16.4,5.1,11.1,1.5,5.3,3,3.7,0.7,2.5,3.2,4.9,0.7,0.3,3.2,1.2,17.7,0.405,0.465,0.28,0.813,0.493,0.45,G
20,Nikola Vu?evi?,16.3,2014-15,24,ORL,74,74,0,34.2,8.5,16.3,8.5,16.2,0,0.1,2.2,2.9,3.2,7.7,10.9,2,0.7,0.7,2,3,19.3,0.523,0.524,0.333,0.752,0.548,0.524,C
21,Kevin Martin,16,2014-15,31,MIN,39,36,0,33.4,6.8,16,4.9,11.1,1.9,4.9,4.4,4.9,0.5,3.2,3.6,2.3,0.8,0,1.9,1.9,20,0.427,0.442,0.393,0.881,0.549,0.487,G
22,Kemba Walker,15.8,2014-15,24,CHO,62,58,0,34.2,6.1,15.8,4.7,11.3,1.4,4.5,3.8,4.6,0.6,3,3.5,5.1,1.4,0.5,1.6,1.5,17.3,0.385,0.418,0.304,0.827,0.486,0.429,G
23,Al Jefferson,15.5,2014-15,30,CHO,65,61,0,30.6,7.5,15.5,7.4,15.5,0,0.1,1.7,2.5,1.5,6.9,8.4,1.7,0.7,1.3,1,2.1,16.6,0.481,0.482,0.4,0.655,0.5,0.482,C-F
24,Victor Oladipo,15.1,2014-15,22,ORL,72,71,0,35.7,6.6,15.1,5.4,11.6,1.2,3.4,3.6,4.4,0.7,3.5,4.2,4.1,1.7,0.3,2.8,2.6,17.9,0.436,0.464,0.339,0.819,0.527,0.474,G
25,Vander Blue,15,2014-15,22,LAL,2,1,0,37,4.5,15,3.5,10,1,5,1,2.5,1,3.5,4.5,4,1.5,0,3,2,11,0.3,0.35,0.2,0.4,0.342,0.333,G
26,Kyle Lowry,14.9,2014-15,28,TOR,70,70,1,34.5,6.1,14.9,4.3,9.3,1.9,5.6,3.6,4.5,0.8,3.9,4.7,6.8,1.6,0.2,2.5,3,17.8,0.412,0.457,0.338,0.808,0.527,0.476,G
27,Pau Gasol,14.8,2014-15,34,CHI,78,78,1,34.4,7.3,14.8,7.2,14.4,0.2,0.3,3.8,4.7,2.8,9,11.8,2.7,0.3,1.9,2,1.9,18.5,0.494,0.495,0.462,0.803,0.55,0.5,C-F
28,John Wall,14.8,2014-15,24,WAS,79,79,1,35.9,6.6,14.8,5.7,12,0.8,2.7,3.6,4.6,0.5,4.2,4.6,10,1.7,0.6,3.8,2.3,17.6,0.445,0.478,0.3,0.785,0.523,0.473,G
29,Tyreke Evans,14.7,2014-15,25,NOP,79,76,0,34.1,6.6,14.7,5.7,11.9,0.9,2.9,2.6,3.7,1,4.2,5.3,6.6,1.3,0.5,3.1,2.5,16.6,0.447,0.482,0.304,0.694,0.508,0.477,G-F
30,Tony Wroten,14.5,2014-15,21,PHI,30,15,0,29.8,5.8,14.5,4.6,9.7,1.2,4.7,4,6,0.7,2.1,2.9,5.2,1.6,0.3,3.8,2.4,16.9,0.403,0.473,0.261,0.667,0.494,0.446,G
31,Gordon Hayward,14.3,2014-15,24,UTA,76,76,0,34.4,6.4,14.3,4.8,10,1.6,4.3,4.9,6.1,0.7,4.2,4.9,4.1,1.4,0.4,2.7,1.7,19.3,0.445,0.481,0.364,0.812,0.567,0.5,F-G
32,Chris Paul,14.3,2014-15,29,LAC,82,82,1,34.8,6.9,14.3,5.2,10,1.7,4.3,3.5,3.9,0.6,4,4.6,10.2,1.9,0.2,2.3,2.5,19.1,0.485,0.523,0.398,0.9,0.596,0.545,G
33,Brandon Knight,14.1,2014-15,23,"MIL,PHO",63,61,0,32.3,6,14.1,4,9,2,5.1,3.1,3.5,0.4,3.4,3.9,5.2,1.4,0.2,3,1.8,17,0.422,0.441,0.389,0.874,0.543,0.493,G
34,Jimmy Butler,14,2014-15,25,CHI,65,65,1,38.7,6.5,14,5.4,11.1,1.1,3,5.9,7.1,1.8,4.1,5.8,3.3,1.8,0.6,1.4,1.7,20,0.462,0.484,0.378,0.834,0.583,0.502,F-G
35,Tobias Harris,14,2014-15,22,ORL,68,63,0,34.8,6.5,14,5.2,10.4,1.3,3.5,2.8,3.6,1.1,5.3,6.3,1.8,1,0.5,1.7,2,17.1,0.466,0.5,0.364,0.788,0.551,0.512,F
36,Michael Carter-Williams,13.9,2014-15,23,"MIL,PHI",66,63,0,32.6,5.5,13.9,5,11.6,0.5,2.3,3.1,4.4,1,4.4,5.3,6.7,1.7,0.5,3.8,2.5,14.6,0.396,0.428,0.235,0.694,0.461,0.416,G
37,Andrew Wiggins,13.9,2014-15,19,MIN,82,82,0,36.2,6.1,13.9,5.6,12.3,0.5,1.5,4.3,5.7,1.6,2.9,4.6,2.1,1,0.6,2.2,2.3,16.9,0.437,0.453,0.31,0.76,0.517,0.454,F-G
38,Dirk Nowitzki,13.8,2014-15,36,DAL,77,77,1,29.6,6.3,13.8,5,10.2,1.4,3.6,3.3,3.8,0.6,5.4,5.9,1.9,0.5,0.4,1.1,2.1,17.3,0.459,0.486,0.38,0.882,0.56,0.508,F-C
39,Brook Lopez,13.7,2014-15,26,BRK,72,44,0,29.2,7,13.7,7,13.6,0,0.1,3.1,3.8,3,4.5,7.4,0.7,0.6,1.8,1.4,2.9,17.2,0.513,0.517,0.1,0.814,0.558,0.513,C
40,Bradley Beal,13.5,2014-15,21,WAS,63,59,0,33.4,5.8,13.5,4.1,9.4,1.7,4.1,2.1,2.6,0.9,2.9,3.8,3.1,1.2,0.3,2,2.2,15.3,0.427,0.434,0.409,0.783,0.521,0.489,G
41,Markieff Morris,13.4,2014-15,25,PHO,82,82,0,31.5,6.2,13.4,5.5,11.2,0.7,2.2,2.2,2.8,1.3,4.8,6.2,2.3,1.2,0.5,2.1,3,15.3,0.465,0.494,0.318,0.763,0.523,0.491,F
42,Jrue Holiday,13.4,2014-15,24,NOP,40,37,0,32.6,6,13.4,4.7,10,1.3,3.4,1.6,1.9,0.8,2.6,3.4,6.9,1.6,0.6,2.3,2.8,14.8,0.446,0.469,0.378,0.855,0.522,0.493,G
43,Brandon Jennings,13.2,2014-15,25,DET,41,41,0,28.6,5.3,13.2,3.5,8.1,1.9,5.1,2.9,3.5,0.5,2,2.5,6.6,1.1,0.1,2.2,1.6,15.4,0.401,0.428,0.36,0.839,0.522,0.471,G
44,Marc Gasol,13.2,2014-15,30,MEM,81,81,1,33.2,6.5,13.2,6.5,13,0,0.2,4.3,5.4,1.4,6.4,7.8,3.8,0.9,1.6,2.2,2.6,17.4,0.494,0.5,0.176,0.795,0.558,0.496,C
45,Trey Burke,13.2,2014-15,22,UTA,76,43,0,30.1,4.9,13.2,3.2,8.1,1.6,5.1,1.4,1.9,0.4,2.3,2.7,4.3,0.9,0.2,1.6,1.6,12.8,0.368,0.4,0.318,0.752,0.455,0.43,G
46,Avery Bradley,13.1,2014-15,24,BOS,77,77,0,31.5,5.6,13.1,4,8.6,1.6,4.6,1,1.3,0.6,2.5,3.1,1.8,1.1,0.2,1.4,2.3,13.9,0.429,0.47,0.352,0.79,0.507,0.49,G
47,Zach Randolph,13.1,2014-15,33,MEM,71,71,0,32.5,6.4,13.1,6.3,12.8,0.1,0.3,3.2,4.2,3.2,7.4,10.5,2.2,1,0.2,2.2,2.5,16.1,0.487,0.49,0.35,0.765,0.538,0.491,F-C
48,Jamal Crawford,13.1,2014-15,34,LAC,64,4,0,26.6,5.2,13.1,3.3,7.4,1.9,5.7,3.5,3.9,0.3,1.7,1.9,2.5,0.9,0.2,1.4,1.7,15.8,0.396,0.448,0.327,0.901,0.532,0.467,G
49,Reggie Jackson,12.9,2014-15,24,"DET,OKC",77,40,0,29.5,5.6,12.9,4.7,9.8,0.9,3.1,2.4,2.8,0.7,3.5,4.2,6,0.8,0.1,2.4,2.2,14.5,0.434,0.477,0.299,0.83,0.511,0.47,G
50,Eric Bledsoe,12.9,2014-15,25,PHO,81,81,0,34.6,5.8,12.9,4.7,9.6,1.1,3.4,4.4,5.4,0.9,4.3,5.2,6.1,1.6,0.6,3.4,2.3,17,0.447,0.491,0.324,0.8,0.555,0.489,G
51,Goran Dragi?,12.8,2014-15,28,"MIA,PHO",78,78,0,33.8,6.4,12.8,5.3,9.5,1.2,3.3,2.3,3,1,2.5,3.5,4.5,1,0.2,2.2,2.5,16.3,0.501,0.555,0.347,0.774,0.577,0.546,G
52,Kawhi Leonard,12.8,2014-15,23,SAS,64,64,0,31.8,6.2,12.8,5.1,9.8,1,3,3.2,3.9,1.3,5.9,7.2,2.5,2.3,0.8,1.5,2,16.5,0.479,0.519,0.349,0.802,0.567,0.52,F
53,Joe Johnson,12.8,2014-15,33,BRK,80,80,0,34.9,5.6,12.8,4.1,8.6,1.5,4.2,1.8,2.2,0.7,4.1,4.8,3.7,0.7,0.2,1.7,1.5,14.4,0.435,0.472,0.359,0.801,0.523,0.494,G-F
54,Paul Millsap,12.7,2014-15,29,ATL,73,73,1,32.7,6.1,12.7,5,9.8,1.1,3,3.5,4.6,1.9,5.9,7.8,3.1,1.8,0.9,2.3,2.8,16.7,0.476,0.513,0.356,0.757,0.565,0.518,F
55,Thaddeus Young,12.7,2014-15,26,"BRK,MIN",76,68,0,32,5.9,12.7,5.4,11.2,0.5,1.5,1.7,2.6,1.7,3.7,5.4,2.3,1.6,0.3,1.5,2.3,14.1,0.466,0.484,0.33,0.655,0.507,0.486,F
56,Al Horford,12.7,2014-15,28,ATL,76,76,1,30.5,6.8,12.7,6.7,12.2,0.1,0.5,1.4,1.9,1.7,5.4,7.2,3.2,0.9,1.3,1.3,1.6,15.2,0.538,0.547,0.306,0.759,0.563,0.544,C-F
57,Kevin Love,12.7,2014-15,26,CLE,75,75,0,33.8,5.5,12.7,3.6,7.5,1.9,5.2,3.4,4.3,1.9,7.9,9.7,2.2,0.7,0.5,1.6,1.9,16.4,0.434,0.48,0.367,0.804,0.562,0.509,F-C
58,Mo Williams,12.6,2014-15,32,"CHO,MIN",68,33,0,29.1,5,12.6,3.3,7.5,1.8,5.1,2.4,2.8,0.3,2.2,2.6,6.2,0.7,0.2,2.5,2.4,14.2,0.397,0.434,0.342,0.872,0.512,0.466,G
59,Mike Conley,12.6,2014-15,27,MEM,70,70,0,31.8,5.6,12.6,4.1,8.6,1.5,4,3.1,3.6,0.4,2.6,3,5.4,1.3,0.2,2.2,2,15.8,0.446,0.473,0.386,0.859,0.558,0.506,G
60,Chandler Parsons,12.6,2014-15,26,DAL,66,66,0,33.1,5.8,12.6,3.8,7.3,2,5.3,2.1,2.9,1,3.9,4.9,2.4,1,0.3,1.5,2.1,15.7,0.462,0.521,0.38,0.72,0.567,0.542,F
61,Wesley Matthews,12.5,2014-15,28,POR,60,60,0,33.7,5.6,12.5,2.7,5.1,2.9,7.4,1.8,2.4,0.6,3.1,3.7,2.3,1.3,0.2,1.4,2.2,15.9,0.448,0.534,0.389,0.752,0.586,0.563,G
62,Wilson Chandler,12.5,2014-15,27,DEN,78,75,0,31.7,5.4,12.5,3.6,7.3,1.8,5.2,1.4,1.8,1.2,4.9,6.1,1.7,0.7,0.4,1.4,3,13.9,0.429,0.49,0.342,0.775,0.523,0.5,F
63,Andrea Bargnani,12.4,2014-15,29,NYK,29,22,0,27.1,5.7,12.4,5.1,11,0.5,1.4,3,3.7,1.1,3.3,4.4,1.6,0.1,0.9,1.4,1.8,14.8,0.454,0.466,0.366,0.813,0.527,0.475,F-C
64,George Hill,12.4,2014-15,28,IND,43,36,0,29.5,5.9,12.4,4.3,8,1.6,4.5,2.6,3.3,0.6,3.6,4.2,5.1,1,0.3,1.6,2.6,16.1,0.477,0.544,0.358,0.79,0.579,0.541,G
65,Derrick Favors,12.4,2014-15,23,UTA,74,74,0,30.8,6.5,12.4,6.5,12.3,0,0.1,3,4.5,2.6,5.6,8.2,1.5,0.8,1.7,1.6,2.8,16,0.525,0.527,0.167,0.669,0.558,0.526,F-C
66,Jeff Green,12.4,2014-15,28,"BOS,MEM",78,70,0,31.5,5.3,12.4,4.1,8.7,1.2,3.7,3.1,3.7,0.8,3.4,4.2,1.7,0.7,0.4,1.4,1.9,15,0.43,0.473,0.332,0.833,0.534,0.48,F
67,Enes Freedom,12.4,2014-15,22,"OKC,UTA",75,74,0,28.5,6.4,12.4,6.2,11.8,0.2,0.6,2.4,3.1,3.7,5.3,8.9,0.7,0.5,0.4,1.9,2.5,15.5,0.519,0.528,0.356,0.782,0.564,0.528,C
68,Greg Monroe,12.4,2014-15,24,DET,69,57,0,31,6.1,12.4,6.1,12.4,0,0,3.7,4.9,3.3,6.9,10.2,2.1,1.1,0.5,2.2,2.1,15.9,0.496,0.496,,0.75,0.549,0.496,C-F
69,Ty Lawson,12.3,2014-15,27,DEN,75,75,0,35.5,5.4,12.3,4.5,9.6,0.9,2.7,3.5,4.8,0.6,2.6,3.1,9.6,1.2,0.1,2.5,1.7,15.2,0.436,0.463,0.341,0.73,0.526,0.474,G
70,Serge Ibaka,12.3,2014-15,25,OKC,64,64,0,33.1,5.8,12.3,4.6,9.1,1.2,3.2,1.4,1.7,2.1,5.7,7.8,0.9,0.5,2.4,1.5,3,14.3,0.476,0.511,0.376,0.836,0.549,0.525,F-C
71,Tony Parker,12.2,2014-15,32,SAS,68,68,0,28.7,5.9,12.2,5.4,10.9,0.6,1.3,1.9,2.4,0.2,1.7,1.9,4.9,0.6,0,2.1,1.6,14.4,0.486,0.493,0.427,0.783,0.539,0.508,G
72,Darren Collison,12.2,2014-15,27,SAC,45,45,0,34.8,5.8,12.2,4.4,8.6,1.3,3.6,3.2,4.1,0.4,2.8,3.2,5.6,1.5,0.3,2.5,2.1,16.1,0.473,0.514,0.373,0.788,0.575,0.527,G
73,Jared Sullinger,12.2,2014-15,22,BOS,58,49,0,27,5.4,12.2,4.5,9,0.9,3.2,1.7,2.2,2.5,5.1,7.6,2.3,0.8,0.7,1.3,2.6,13.3,0.439,0.494,0.283,0.744,0.503,0.476,F
74,Jeff Teague,12.2,2014-15,26,ATL,73,72,1,30.5,5.6,12.2,4.6,9.3,1,2.8,3.8,4.4,0.4,2.1,2.5,7,1.7,0.4,2.8,1.9,15.9,0.46,0.496,0.343,0.862,0.566,0.5,G
75,JJ Redick,12,2014-15,30,LAC,78,78,0,30.9,5.7,12,3.2,6.2,2.6,5.9,2.3,2.6,0.3,1.9,2.1,1.8,0.5,0.1,1.2,1.7,16.4,0.477,0.515,0.437,0.901,0.622,0.583,G
76,Ryan Anderson,12,2014-15,26,NOP,61,5,0,27.5,4.8,12,2.8,6.1,2,5.9,2.1,2.5,1.8,3.1,4.8,0.9,0.5,0.3,1,1.9,13.7,0.399,0.457,0.34,0.854,0.524,0.483,F
77,Isaiah Thomas,11.9,2014-15,25,"BOS,PHO",67,1,0,25.8,5,11.9,3.1,6.7,1.9,5.2,4.5,5.2,0.5,1.8,2.3,4.2,0.9,0.1,2.1,2.2,16.4,0.42,0.457,0.373,0.868,0.579,0.501,G
78,Josh Smith,11.9,2014-15,29,"DET,HOU",83,35,0,27.7,5,11.9,4.1,9.1,0.9,2.7,1.5,3.1,1.8,4.6,6.4,3.3,1,1.4,2.5,2.7,12.4,0.419,0.451,0.316,0.498,0.467,0.456,F
79,Kentavious Caldwell-Pope,11.9,2014-15,21,DET,82,82,0,31.5,4.8,11.9,2.9,6.4,1.9,5.4,1.3,1.9,0.6,2.5,3.1,1.3,1.1,0.2,1.1,2,12.7,0.401,0.449,0.345,0.696,0.501,0.48,G
80,Dion Waiters,11.8,2014-15,23,"CLE,OKC",80,23,0,27.6,4.7,11.8,3.8,8.8,0.9,3.1,1.5,2.2,0.5,1.9,2.4,2,1.1,0.3,1.4,1.9,11.8,0.396,0.431,0.297,0.68,0.46,0.435,G
81,C.J. Miles,11.8,2014-15,27,IND,70,40,0,26.3,4.7,11.8,2.5,5.4,2.2,6.4,1.9,2.3,0.3,2.8,3.1,1.1,0.9,0.4,1,1.9,13.5,0.398,0.459,0.345,0.807,0.525,0.491,G-F
82,Andre Drummond,11.7,2014-15,21,DET,82,82,0,30.5,6,11.7,6,11.7,0,0,1.7,4.5,5.3,8.1,13.5,0.7,0.9,1.9,1.5,3.5,13.8,0.514,0.515,0,0.389,0.504,0.514,C
83,Lou Williams,11.6,2014-15,28,TOR,80,0,0,25.2,4.7,11.6,2.8,6,1.9,5.6,4.3,4.9,0.3,1.6,1.9,2.1,1.1,0.1,1.3,1.3,15.5,0.404,0.464,0.34,0.861,0.564,0.486,G
84,Eric Gordon,11.4,2014-15,26,NOP,61,60,0,33.1,4.7,11.4,2.4,6.2,2.3,5.2,1.8,2.2,0.5,2.1,2.6,3.8,0.8,0.2,2,2.4,13.4,0.411,0.38,0.448,0.805,0.544,0.512,G-F
85,Langston Galloway,11.4,2014-15,23,NYK,45,41,0,32.4,4.5,11.4,3.2,7.4,1.4,3.9,1.4,1.7,0.8,3.4,4.2,3.3,1.2,0.3,1.4,2.9,11.8,0.399,0.424,0.352,0.808,0.489,0.46,G
86,Deron Williams,11.3,2014-15,30,BRK,68,55,0,31.1,4.4,11.3,3.1,7.9,1.3,3.5,3,3.5,0.4,3.1,3.5,6.6,0.9,0.3,2.3,2.3,13,0.387,0.395,0.367,0.834,0.504,0.443,G
87,Arron Afflalo,11.3,2014-15,29,"DEN,POR",78,72,0,32.1,4.8,11.3,3.3,7.1,1.5,4.3,2.1,2.5,0.3,2.8,3.2,1.7,0.5,0.1,1.5,2.1,13.3,0.424,0.466,0.354,0.843,0.533,0.491,G-F
88,Nick Young,11.3,2014-15,29,LAL,42,0,0,23.8,4.1,11.3,2.2,6,2,5.4,3.1,3.5,0.4,1.9,2.3,1,0.5,0.3,1,2,13.4,0.366,0.363,0.369,0.892,0.52,0.453,G-F
89,Alec Burks,11.1,2014-15,23,UTA,27,27,0,33.3,4.5,11.1,3.5,8.6,1,2.5,3.9,4.8,0.7,3.5,4.2,3,0.6,0.2,1.9,2.4,13.9,0.403,0.409,0.382,0.822,0.524,0.447,G
90,Jordan Hill,11.1,2014-15,27,LAL,70,57,0,26.8,5.1,11.1,5.1,10.9,0,0.2,1.8,2.4,2.5,5.5,7.9,1.5,0.5,0.7,1.5,2.3,12,0.459,0.462,0.273,0.738,0.494,0.461,C-F
91,Trevor Ariza,11.1,2014-15,29,HOU,82,82,0,35.7,4.5,11.1,2.1,4.3,2.4,6.8,1.5,1.7,0.9,4.7,5.6,2.5,1.9,0.2,1.7,2.3,12.8,0.402,0.485,0.35,0.853,0.539,0.509,F
92,Khris Middleton,11,2014-15,23,MIL,79,58,0,30.1,5.1,11,3.8,7.6,1.4,3.4,1.7,2,0.6,3.8,4.4,2.3,1.5,0.1,1.4,2.3,13.4,0.467,0.494,0.407,0.859,0.563,0.53,F-G
93,Luol Deng,10.9,2014-15,29,MIA,72,72,0,33.6,5.1,10.9,4,7.9,1.1,3.1,2.7,3.5,1.4,3.8,5.2,1.9,0.9,0.3,1.5,1.5,14,0.469,0.513,0.355,0.761,0.561,0.518,F
94,Robert Covington,10.8,2014-15,24,PHI,70,49,0,27.9,4.3,10.8,1.9,4.4,2.4,6.4,2.5,3.1,0.9,3.6,4.5,1.5,1.4,0.4,1.8,2.7,13.5,0.396,0.426,0.374,0.82,0.554,0.506,F-C
95,J.R. Smith,10.8,2014-15,29,"CLE,NYK",70,51,0,29.7,4.5,10.8,2.2,4.7,2.3,6.1,0.8,1,0.4,2.7,3.1,2.8,1.2,0.3,1.4,2.3,12.1,0.417,0.462,0.383,0.75,0.538,0.525,G-F
96,Tim Duncan,10.6,2014-15,38,SAS,77,77,1,28.9,5.4,10.6,5.4,10.5,0,0.1,3,4,2.2,6.9,9.1,3,0.8,2,1.7,2.1,13.9,0.512,0.514,0.286,0.74,0.56,0.513,F-C
97,Rodney Stuckey,10.6,2014-15,28,IND,71,36,0,26.4,4.7,10.6,3.9,8.6,0.8,2,2.5,3,0.5,3,3.5,3.1,0.8,0.1,1.7,1.8,12.6,0.44,0.452,0.39,0.819,0.528,0.477,G
98,Gerald Henderson,10.6,2014-15,27,CHO,80,72,0,28.9,4.6,10.6,4.1,8.9,0.6,1.7,2.3,2.7,0.5,3,3.4,2.6,0.6,0.3,1.4,1.7,12.1,0.437,0.457,0.331,0.848,0.514,0.463,G
99,Nikola Pekovi?,10.6,2014-15,29,MIN,31,29,0,26.3,4.5,10.6,4.5,10.6,0,0,3.5,4.2,2.9,4.7,7.5,0.9,0.6,0.4,1.4,1.9,12.5,0.424,0.424,,0.837,0.502,0.424,C
100,Jabari Parker,10.5,2014-15,19,MIL,25,25,0,29.5,5.2,10.5,5,9.9,0.2,0.6,1.8,2.6,2,3.5,5.5,1.7,1.2,0.2,1.9,1.7,12.3,0.49,0.506,0.25,0.697,0.527,0.498,F
101,Gerald Green,10.5,2014-15,29,PHO,74,4,0,19.5,4.4,10.5,2.5,5.3,1.9,5.2,1.3,1.6,0.4,2.1,2.5,1.2,0.6,0.2,1.4,2,11.9,0.416,0.478,0.354,0.825,0.532,0.504,G-F
102,Carlos Boozer,10.5,2014-15,33,LAL,71,26,0,23.8,5.2,10.5,5.2,10.5,0,0,1.3,2.1,1.6,5.2,6.8,1.3,0.6,0.2,1.3,2.6,11.8,0.499,0.499,,0.627,0.517,0.499,F-C
103,Shabazz Muhammad,10.4,2014-15,22,MIN,38,13,0,22.8,5.1,10.4,4.6,9.1,0.5,1.3,2.7,3.8,1.7,2.4,4.1,1.2,0.5,0.2,0.9,1.3,13.5,0.489,0.503,0.392,0.717,0.556,0.514,F-G
104,David West,10.4,2014-15,34,IND,66,66,0,28.7,4.9,10.4,4.8,10.1,0.1,0.3,1.8,2.4,1.6,5.2,6.8,3.4,0.7,0.7,1.8,2.4,11.7,0.471,0.479,0.2,0.739,0.508,0.474,F-C
105,Dwight Howard,10.3,2014-15,29,HOU,41,41,0,29.8,6.1,10.3,6.1,10.3,0,0,3.5,6.6,2.7,7.8,10.5,1.2,0.7,1.3,2.8,3.3,15.8,0.593,0.594,0.5,0.528,0.596,0.595,C
106,Tim Hardaway Jr.,10.2,2014-15,22,NYK,70,30,0,24,4,10.2,2.3,5.2,1.7,5.1,1.8,2.2,0.2,2.1,2.2,1.8,0.3,0.2,1.2,1.7,11.5,0.389,0.435,0.342,0.801,0.512,0.474,G
107,Jarrett Jack,10.2,2014-15,31,BRK,80,27,0,28,4.5,10.2,4,8.4,0.5,1.8,2.5,2.8,0.2,2.8,3.1,4.7,0.9,0.2,2.4,1.8,12,0.439,0.477,0.267,0.881,0.522,0.463,G
108,Ben McLemore,10.1,2014-15,21,SAC,82,82,0,32.6,4.4,10.1,2.7,5.4,1.7,4.8,1.6,2,0.4,2.6,2.9,1.7,0.9,0.2,1.7,2.7,12.1,0.437,0.507,0.358,0.813,0.552,0.521,G
109,Jordan Clarkson,10.1,2014-15,22,LAL,59,38,0,25,4.5,10.1,3.9,8.1,0.6,2.1,2.2,2.7,0.9,2.3,3.2,3.5,0.9,0.2,1.6,1.8,11.9,0.448,0.482,0.314,0.829,0.528,0.48,G
110,Corey Brewer,10.1,2014-15,28,"HOU,MIN",80,17,0,26.1,4.3,10.1,3.5,7.1,0.8,2.9,2.1,2.8,1,2.7,3.7,2.2,1.4,0.2,1.6,2.2,11.5,0.426,0.491,0.268,0.743,0.507,0.465,F-G
111,Aaron Brooks,10,2014-15,30,CHI,82,21,0,23,4.2,10,2.7,6.1,1.5,3.8,1.8,2.1,0.4,1.6,2,3.2,0.7,0.2,1.9,2.3,11.6,0.421,0.442,0.387,0.833,0.534,0.495,G
112,Ricky Rubio,10,2014-15,24,MIN,22,22,0,31.5,3.5,10,3,7.6,0.6,2.3,2.6,3.2,0.9,4.8,5.7,8.8,1.7,0,2.9,2.7,10.3,0.356,0.387,0.255,0.803,0.452,0.386,G
113,Evan Fournier,9.9,2014-15,22,ORL,58,32,0,28.6,4.4,9.9,2.9,6,1.5,3.9,1.8,2.5,0.5,2.2,2.6,2.1,0.7,0,1.4,2,12,0.44,0.48,0.378,0.728,0.546,0.514,G-F
114,O.J. Mayo,9.9,2014-15,27,MIL,71,15,0,23.9,4.2,9.9,2.8,6,1.4,3.9,1.6,2,0.4,2.2,2.6,2.8,0.8,0.3,1.8,2.3,11.4,0.422,0.465,0.357,0.827,0.529,0.493,G
115,Donatas Motiej?nas,9.9,2014-15,24,HOU,71,62,0,28.7,5,9.9,4.3,8,0.7,1.9,1.4,2.3,1.9,4,5.9,1.8,0.8,0.5,1.7,2.9,12,0.504,0.536,0.368,0.602,0.553,0.539,F-C
116,Kenneth Faried,9.8,2014-15,25,DEN,75,71,0,27.8,5,9.8,5,9.7,0,0.1,2.7,3.8,3.2,5.7,8.9,1.2,0.8,0.8,1.6,2.8,12.6,0.507,0.511,0.125,0.691,0.548,0.507,F-C
117,Draymond Green,9.7,2014-15,24,GSW,79,79,0,31.5,4.3,9.7,2.9,5.5,1.4,4.2,1.7,2.5,1.4,6.7,8.2,3.7,1.6,1.3,1.7,3.2,11.7,0.443,0.523,0.337,0.66,0.54,0.516,F
118,Giannis Antetokounmpo,9.6,2014-15,20,MIL,81,71,0,31.4,4.7,9.6,4.6,9.1,0.1,0.5,3.2,4.3,1.2,5.5,6.7,2.6,0.9,1,2.1,3.1,12.7,0.491,0.511,0.159,0.741,0.552,0.496,F-G
119,Danilo Gallinari,9.6,2014-15,26,DEN,59,27,0,24.2,3.9,9.6,2.1,4.5,1.8,5.1,2.9,3.2,0.5,3.2,3.7,1.4,0.8,0.3,1,1.6,12.4,0.401,0.453,0.355,0.895,0.563,0.496,F
120,Ersan ?lyasova,9.6,2014-15,27,MIL,58,36,0,22.7,4.5,9.6,3.3,6.3,1.3,3.3,1.2,1.8,1.4,3.4,4.8,1,0.6,0.3,0.8,2.6,11.5,0.472,0.515,0.389,0.645,0.554,0.539,F
121,Patrick Beverley,9.5,2014-15,26,HOU,56,55,0,30.8,3.6,9.5,1.6,3.7,2.1,5.8,0.8,1.1,1.2,3,4.2,3.4,1.1,0.4,1.5,3.3,10.1,0.383,0.426,0.356,0.75,0.509,0.492,G
122,Luc Mbah a Moute,9.5,2014-15,28,PHI,67,61,0,28.6,3.7,9.5,2.8,6.5,0.9,3,1.4,2.4,1.2,3.7,4.9,1.6,1.2,0.3,1.5,1.6,9.9,0.395,0.435,0.307,0.589,0.466,0.443,F
123,Wayne Ellington,9.5,2014-15,27,LAL,65,36,0,25.8,3.9,9.5,2.5,5.8,1.4,3.7,0.8,1,0.5,2.8,3.2,1.6,0.5,0,0.8,1.2,10,0.412,0.439,0.37,0.813,0.504,0.485,G
124,Rajon Rondo,9.5,2014-15,28,"BOS,DAL",68,68,0,29.7,4,9.5,3.6,8.2,0.4,1.3,0.5,1.1,1.1,4.4,5.5,7.9,1.3,0.1,3.1,2.3,8.9,0.426,0.444,0.314,0.397,0.448,0.447,G
125,Marcin Gortat,9.5,2014-15,30,WAS,82,82,0,29.9,5.4,9.5,5.4,9.4,0,0,1.5,2.1,2.2,6.5,8.7,1.2,0.6,1.3,1.2,2.3,12.2,0.566,0.569,0,0.703,0.587,0.566,C-F
126,Marcus Morris,9.4,2014-15,25,PHO,81,35,0,25.2,4.1,9.4,2.7,5.6,1.4,3.9,0.9,1.4,0.9,3.9,4.8,1.6,0.8,0.2,0.9,2.3,10.4,0.434,0.487,0.358,0.628,0.52,0.507,F
127,Jason Richardson,9.4,2014-15,34,PHI,19,15,0,21.9,3.3,9.4,1.6,4.3,1.6,5.1,0.9,1.2,0.7,2.8,3.5,2,0.7,0.2,0.8,1.5,9.1,0.348,0.378,0.323,0.773,0.458,0.435,G
128,Roy Hibbert,9.3,2014-15,28,IND,76,76,0,25.3,4.2,9.3,4.2,9.3,0,0,2.2,2.7,2.1,5.1,7.1,1.1,0.2,1.6,1.4,2.8,10.6,0.446,0.448,0,0.824,0.501,0.446,C
129,DeMarre Carroll,9.3,2014-15,28,ATL,70,69,0,31.3,4.5,9.3,2.8,5,1.7,4.3,1.8,2.6,1.4,3.9,5.3,1.7,1.3,0.2,1.1,2.2,12.6,0.487,0.567,0.395,0.702,0.603,0.579,F
130,Gary Neal,9.3,2014-15,30,"CHO,MIN",54,1,0,22.1,3.5,9.3,2.6,6.3,0.9,3,2.2,2.5,0.3,2.1,2.4,1.9,0.4,0,1.2,1.6,10.1,0.374,0.407,0.305,0.867,0.483,0.423,G
131,Terrence Ross,9.2,2014-15,23,TOR,82,61,0,25.5,3.8,9.2,2,4.4,1.8,4.8,0.5,0.7,0.4,2.4,2.8,1,0.6,0.3,0.8,1.7,9.8,0.41,0.452,0.372,0.786,0.519,0.507,F-G
132,Danny Green,9.1,2014-15,27,SAS,81,80,0,28.5,4,9.1,1.6,3.5,2.4,5.6,1.4,1.6,0.7,3.6,4.2,2,1.2,1.1,1.1,2,11.7,0.436,0.466,0.418,0.874,0.596,0.566,G-F
133,Evan Turner,9.1,2014-15,26,BOS,82,57,0,27.6,3.9,9.1,3.5,7.6,0.4,1.5,1.3,1.7,0.5,4.6,5.1,5.5,1,0.2,2.4,2.2,9.5,0.429,0.458,0.277,0.752,0.482,0.451,G
134,Wesley Johnson,9.1,2014-15,27,LAL,76,59,0,29.5,3.8,9.1,2.6,5.7,1.2,3.4,1.2,1.5,0.9,3.3,4.2,1.6,0.8,0.6,1.1,2.1,9.9,0.414,0.451,0.351,0.804,0.509,0.48,F-G
135,Terrence Jones,9.1,2014-15,23,HOU,33,24,0,26.9,4.8,9.1,4.4,7.9,0.4,1.1,1.7,2.8,2.4,4.3,6.7,1.1,0.5,1.8,1.1,2.4,11.7,0.528,0.553,0.351,0.606,0.567,0.55,F
136,Lance Stephenson,9,2014-15,24,CHO,61,25,0,25.8,3.4,9,3.1,7.3,0.3,1.7,1.1,1.8,0.6,3.9,4.5,3.9,0.6,0.1,2.1,2.2,8.2,0.376,0.425,0.171,0.627,0.419,0.393,G-F
137,Paul Pierce,9,2014-15,37,WAS,73,73,0,26.2,4,9,2.4,4.8,1.6,4.2,2.2,2.9,0.6,3.4,4,2,0.6,0.3,1.3,2.2,11.9,0.447,0.496,0.389,0.781,0.58,0.537,F-G
138,Nenê,9,2014-15,32,WAS,67,58,0,25.3,4.6,9,4.6,8.9,0,0.1,1.8,3,1.3,3.9,5.1,1.8,1,0.3,1.9,2.7,11,0.511,0.513,0.2,0.604,0.534,0.512,F-C
139,Jabari Brown,8.9,2014-15,22,LAL,19,5,0,29.9,3.7,8.9,2.5,5.7,1.2,3.3,3.4,4.5,0.2,1.7,1.9,2.1,0.6,0.1,1.7,1.7,11.9,0.412,0.435,0.371,0.753,0.547,0.479,G
140,Jodie Meeks,8.9,2014-15,27,DET,60,0,0,24.4,3.7,8.9,2.5,5.4,1.2,3.5,2.4,2.7,0.2,1.5,1.7,1.3,1,0.1,1,1.3,11.1,0.416,0.46,0.349,0.906,0.548,0.485,G
141,Greivis Vásquez,8.8,2014-15,28,TOR,82,29,0,24.3,3.6,8.8,2,4.6,1.6,4.3,0.6,0.8,0.3,2.4,2.6,3.7,0.6,0.1,1.5,2.2,9.5,0.408,0.436,0.379,0.758,0.514,0.5,G
142,Jeremy Lin,8.8,2014-15,26,LAL,74,30,0,25.8,3.7,8.8,2.9,6.5,0.9,2.4,2.9,3.6,0.4,2.3,2.6,4.6,1.1,0.4,2.2,2.6,11.2,0.424,0.444,0.369,0.795,0.539,0.473,G
143,Michael Beasley,8.8,2014-15,26,MIA,24,1,0,21,3.8,8.8,3.5,7.4,0.3,1.4,0.8,1.1,0.5,3.2,3.7,1.3,0.6,0.5,1.5,2.8,8.8,0.434,0.472,0.235,0.769,0.474,0.453,F
144,Zach LaVine,8.8,2014-15,19,MIN,77,40,0,24.7,3.7,8.8,3,6.6,0.7,2.2,1.9,2.3,0.4,2.4,2.8,3.6,0.7,0.1,2.5,2.1,10.1,0.422,0.449,0.341,0.842,0.515,0.465,G-F
145,Michael Kidd-Gilchrist,8.8,2014-15,21,CHO,55,52,0,28.9,4.1,8.8,4.1,8.8,0,0,2.7,3.9,2,5.6,7.6,1.4,0.5,0.7,1.1,2.1,10.9,0.465,0.465,,0.701,0.519,0.465,F
146,Nerlens Noel,8.7,2014-15,20,PHI,75,71,0,30.8,4,8.7,4,8.7,0,0,1.9,3.1,2.5,5.7,8.1,1.7,1.8,1.9,1.9,2.8,9.9,0.462,0.462,,0.609,0.493,0.462,C-F
147,Dennis Schröder,8.6,2014-15,21,ATL,77,10,0,19.7,3.7,8.6,3,6.7,0.7,1.9,1.9,2.3,0.4,1.8,2.1,4.1,0.6,0.1,1.9,1.6,10,0.427,0.449,0.351,0.827,0.516,0.466,G
148,Elfrid Payton,8.6,2014-15,20,ORL,82,63,0,30.4,3.7,8.6,3.5,8.1,0.1,0.5,1.4,2.6,1.3,3,4.3,6.5,1.7,0.2,2.5,2.4,8.9,0.425,0.435,0.262,0.551,0.456,0.433,G
149,Marreese Speights,8.5,2014-15,27,GSW,76,9,0,15.9,4.2,8.5,4.1,8.3,0.1,0.2,2,2.3,1.4,2.8,4.3,0.9,0.3,0.4,1.1,2.5,10.4,0.492,0.498,0.278,0.843,0.546,0.496,C-F
150,Nicolas Batum,8.5,2014-15,26,POR,71,71,0,33.5,3.4,8.5,2,4.1,1.4,4.4,1.2,1.4,0.9,5,5.9,4.8,1.1,0.6,1.9,1.5,9.4,0.4,0.481,0.324,0.857,0.516,0.483,F-G
151,José Calderón,8.4,2014-15,33,NYK,42,42,0,30.2,3.5,8.4,2.1,5,1.4,3.4,0.7,0.8,0.5,2.5,3,4.7,0.7,0,1.8,1.8,9.1,0.415,0.415,0.415,0.906,0.519,0.499,G
152,Manu Ginóbili,8.4,2014-15,37,SAS,70,0,0,22.7,3.6,8.4,2.3,4.7,1.3,3.7,2.1,2.9,0.4,2.6,3,4.2,1,0.3,2.2,2,10.5,0.426,0.489,0.345,0.721,0.544,0.502,G
153,Courtney Lee,8.4,2014-15,29,MEM,77,74,0,30.6,3.7,8.4,2.6,5.4,1.2,2.9,1.4,1.7,0.3,2,2.3,2,1,0.2,1,1.7,10.1,0.448,0.473,0.402,0.86,0.555,0.518,G
154,Brandon Bass,8.3,2014-15,29,BOS,82,43,0,23.5,4.2,8.3,4.1,7.9,0.1,0.4,2.1,2.6,1.7,3.2,4.9,1.3,0.5,0.4,1,1.7,10.6,0.504,0.515,0.281,0.79,0.557,0.51,F
155,Anthony Morrow,8.3,2014-15,29,OKC,74,0,0,24.4,3.9,8.3,1.9,3.9,1.9,4.4,1.1,1.2,0.5,2.1,2.6,0.8,0.7,0.1,0.5,1.8,10.7,0.463,0.497,0.434,0.888,0.604,0.578,G
156,Amar'e Stoudemire,8.3,2014-15,32,"DAL,NYK",59,15,0,21.1,4.6,8.3,4.6,8.2,0,0.1,2.3,3.2,1.9,3.7,5.6,0.8,0.5,0.6,1.3,2.7,11.5,0.557,0.562,0,0.72,0.595,0.557,F-C
157,Mario Chalmers,8.3,2014-15,28,MIA,80,37,0,29.6,3.3,8.3,2.4,5.2,0.9,3.1,2.6,3.3,0.3,2.3,2.6,3.8,1.5,0.1,2.2,3.1,10.2,0.403,0.467,0.294,0.774,0.521,0.458,G
158,Kelly Olynyk,8.3,2014-15,23,BOS,64,13,0,22.2,3.9,8.3,3,5.5,1,2.7,1.5,2.1,1.4,3.3,4.7,1.7,1,0.6,1.5,3.3,10.3,0.475,0.538,0.349,0.684,0.558,0.533,C-F
159,Matt Barnes,8.2,2014-15,34,LAC,76,74,0,29.9,3.6,8.2,1.9,3.3,1.8,4.9,1,1.3,0.7,3.3,4,1.5,0.9,0.7,1.1,3.2,10.1,0.444,0.569,0.362,0.779,0.574,0.553,F
160,Paul George,8.2,2014-15,24,IND,6,0,0,15.2,3,8.2,1.5,4.5,1.5,3.7,1.3,1.8,0.7,3,3.7,1,0.8,0.2,2,1.8,8.8,0.367,0.333,0.409,0.727,0.492,0.459,F-G
161,Taj Gibson,8.2,2014-15,29,CHI,62,17,0,27.3,4.1,8.2,4.1,8.2,0,0,2.1,3,2.6,3.8,6.4,1.1,0.6,1.2,1.2,2.6,10.3,0.502,0.502,,0.717,0.545,0.502,F-C
162,Jonas Valan?i?nas,8.2,2014-15,22,TOR,80,80,0,26.2,4.7,8.2,4.7,8.1,0,0,2.7,3.5,2.7,6,8.7,0.5,0.4,1.2,1.4,2.8,12,0.572,0.573,0,0.786,0.623,0.572,C
163,Hassan Whiteside,8.1,2014-15,25,MIA,48,32,0,23.8,5.1,8.1,5.1,8.1,0,0,1.6,3.3,3,7,10,0.1,0.6,2.6,1.2,2.7,11.8,0.628,0.628,,0.5,0.619,0.628,C
164,Isaiah Canaan,8,2014-15,23,"HOU,PHI",47,21,0,20,3.1,8,1.2,2.8,1.9,5.2,1,1.3,0.4,1.5,1.9,2.1,0.6,0.1,1.3,1.8,9.2,0.386,0.417,0.37,0.817,0.534,0.507,G
165,Randy Foye,8,2014-15,31,DEN,50,21,0,21.7,3,8,1.1,2.8,1.9,5.3,0.9,1.1,0.2,1.5,1.7,2.4,0.7,0.2,1.2,1.9,8.7,0.368,0.388,0.357,0.818,0.51,0.485,G
166,Harrison Barnes,8,2014-15,22,GSW,82,82,0,28.3,3.9,8,2.8,5.4,1.1,2.6,1.3,1.8,1.4,4.1,5.5,1.4,0.7,0.2,0.9,1.8,10.1,0.482,0.519,0.405,0.72,0.573,0.548,F
167,Kyle Korver,8,2014-15,33,ATL,75,75,1,32.2,3.9,8,0.9,2,2.9,6,1.4,1.6,0.2,3.9,4.1,2.6,0.7,0.6,1.4,1.9,12.1,0.487,0.47,0.492,0.898,0.699,0.671,G-F
168,Jameer Nelson,8,2014-15,32,"BOS,DAL,DEN",63,29,0,22.3,3.3,8,1.8,3.9,1.4,4.1,0.4,0.6,0.5,1.8,2.3,4,0.7,0.1,1.7,2.2,8.3,0.407,0.472,0.345,0.667,0.503,0.495,G
169,Alexey Shved,8,2014-15,26,"HOU,NYK,PHI",42,9,0,18.3,3.2,8,2,4.7,1.1,3.3,2.9,3.6,0.5,1.8,2.4,2.5,0.7,0.1,1.1,1.1,10.3,0.397,0.439,0.338,0.807,0.541,0.467,G
170,Mirza Teletovi?,8,2014-15,29,BRK,40,4,0,22.3,3.1,8,1.5,3.2,1.6,4.8,0.8,1.2,0.7,4.2,4.9,1.2,0.4,0.4,1.3,1.9,8.5,0.382,0.476,0.321,0.717,0.5,0.48,F
171,Luis Scola,7.9,2014-15,34,IND,81,16,0,20.5,3.7,7.9,3.6,7.7,0.1,0.2,2,2.8,1.7,4.8,6.5,1.3,0.6,0.2,1.2,2.4,9.4,0.467,0.474,0.25,0.699,0.515,0.471,F
172,D.J. Augustin,7.9,2014-15,27,"DET,OKC",82,14,0,24,3.1,7.9,2.1,4.9,1,3,2.2,2.5,0.2,1.7,2,4.3,0.6,0,1.8,1.1,9.5,0.399,0.436,0.337,0.868,0.527,0.463,G
173,Sebastian Telfair,7.8,2014-15,29,OKC,16,1,0,20.4,2.9,7.8,1.8,4.1,1.1,3.8,1.5,2.1,0.1,1.8,1.9,2.8,0.6,0,1.1,1.8,8.4,0.368,0.431,0.3,0.706,0.479,0.44,G
174,Boris Diaw,7.8,2014-15,32,SAS,81,15,0,24.5,3.6,7.8,2.9,5.7,0.7,2.1,0.9,1.1,1,3.3,4.3,2.9,0.4,0.3,1.6,1.8,8.7,0.46,0.512,0.32,0.774,0.526,0.503,F-C
175,Solomon Hill,7.7,2014-15,23,IND,82,78,0,29,3.1,7.7,2.2,5.2,0.8,2.5,1.9,2.4,0.9,3,3.8,2.2,0.8,0.2,1.4,2.2,8.9,0.396,0.43,0.327,0.824,0.507,0.45,F
176,Anderson Varejão,7.7,2014-15,32,CLE,26,26,0,24.5,4.3,7.7,4.3,7.6,0,0.1,1.3,1.7,2.2,4.3,6.5,1.3,0.7,0.6,1.3,2.2,9.8,0.555,0.561,0,0.733,0.58,0.555,F-C
177,Hollis Thompson,7.6,2014-15,23,PHI,71,23,0,25,3.2,7.6,1.5,3.6,1.6,4,0.9,1.3,0.7,2,2.8,1.2,0.8,0.4,0.9,2,8.8,0.413,0.426,0.401,0.708,0.538,0.518,G-F
178,P.J. Tucker,7.6,2014-15,29,PHO,78,63,0,30.6,3.3,7.6,2.2,4.4,1.1,3.2,1.3,1.8,1.5,5,6.4,1.6,1.4,0.3,1.2,2.3,9.1,0.438,0.506,0.345,0.727,0.541,0.511,F
179,Mike Dunleavy,7.6,2014-15,34,CHI,63,63,0,29.2,3.3,7.6,1.6,3.5,1.7,4.2,1.1,1.4,0.4,3.5,3.9,1.8,0.6,0.3,1,2,9.4,0.435,0.468,0.407,0.805,0.573,0.546,F-G
180,Nikola Miroti?,7.6,2014-15,23,CHI,82,3,0,20.2,3.1,7.6,1.9,3.8,1.2,3.8,2.8,3.5,0.8,4.2,4.9,1.2,0.7,0.7,1.1,2.1,10.2,0.405,0.495,0.316,0.803,0.556,0.485,F
181,Iman Shumpert,7.6,2014-15,24,"CLE,NYK",62,25,0,24.9,3.1,7.6,2,4.4,1.1,3.2,0.7,1,0.9,2.7,3.6,2.2,1.3,0.3,1.5,2.2,8,0.41,0.458,0.342,0.672,0.497,0.481,G
182,Marco Belinelli,7.6,2014-15,28,SAS,62,9,0,22.4,3.2,7.6,1.8,3.9,1.4,3.7,1.4,1.6,0.4,2.1,2.5,1.5,0.5,0,1,1.4,9.2,0.423,0.471,0.374,0.848,0.553,0.515,G-F
183,Tyler Zeller,7.5,2014-15,25,BOS,82,59,0,21.1,4.1,7.5,4.1,7.5,0,0,1.9,2.3,1.8,3.9,5.7,1.4,0.2,0.6,0.9,2.5,10.2,0.549,0.549,,0.823,0.594,0.549,F-C
184,Rodney Hood,7.5,2014-15,22,UTA,50,21,0,21.3,3.1,7.5,1.9,4.1,1.2,3.4,1.2,1.6,0.2,2.2,2.3,1.7,0.6,0.2,0.9,2.4,8.7,0.414,0.456,0.365,0.763,0.529,0.497,G-F
185,Norris Cole,7.4,2014-15,26,"MIA,NOP",75,25,0,24.4,3.1,7.4,2.3,5.1,0.7,2.3,0.8,1.1,0.2,1.9,2.1,3.4,0.8,0.2,1.3,1.7,7.6,0.412,0.458,0.313,0.716,0.483,0.461,G
186,Chris Kaman,7.4,2014-15,32,POR,74,13,0,18.9,3.8,7.4,3.8,7.4,0,0,1,1.4,2,4.5,6.5,0.9,0.2,0.7,1.5,1.9,8.6,0.515,0.515,,0.706,0.537,0.515,C
187,Robin Lopez,7.4,2014-15,26,POR,59,59,0,27.8,4,7.4,4,7.4,0,0,1.7,2.2,3.2,3.5,6.7,0.9,0.3,1.4,1.2,2.1,9.6,0.535,0.537,0,0.772,0.574,0.535,C
188,Bojan Bogdanovi?,7.4,2014-15,25,BRK,78,28,0,23.8,3.3,7.4,2.2,4.1,1.2,3.3,1.1,1.4,0.6,2.1,2.7,0.9,0.4,0.1,1,1.3,9,0.453,0.531,0.355,0.821,0.562,0.532,G-F
189,C.J. Watson,7.3,2014-15,30,IND,57,21,0,24.9,3.2,7.3,1.9,4.2,1.2,3.1,2.4,2.9,0.3,2.5,2.9,3.6,1,0.2,1.8,1.9,10,0.434,0.459,0.4,0.826,0.581,0.518,G
190,Zaza Pachulia,7.2,2014-15,30,MIL,73,45,0,23.7,3.3,7.2,3.3,7.2,0,0,1.7,2.2,2.7,4.2,6.8,2.4,1.1,0.3,1.8,2.3,8.3,0.454,0.456,0,0.788,0.506,0.454,C
191,Tony Allen,7.2,2014-15,33,MEM,63,41,0,26.2,3.6,7.2,3.4,6.8,0.2,0.5,1.3,2,1.6,2.8,4.4,1.4,2,0.5,1.4,2.6,8.6,0.495,0.505,0.345,0.627,0.528,0.505,G-F
192,Jason Smith,7.2,2014-15,28,NYK,82,31,0,21.8,3.1,7.2,3,6.7,0.2,0.5,1.5,1.9,1.2,2.8,4,1.7,0.4,0.5,1.3,2.5,8,0.434,0.44,0.357,0.83,0.497,0.447,F-C
193,Marcus Thornton,7.2,2014-15,27,"BOS,PHO",48,0,0,15,2.9,7.2,1.8,4.2,1.1,3,1,1.2,0.5,1.3,1.8,0.8,0.6,0.1,0.6,0.8,7.9,0.406,0.426,0.378,0.821,0.514,0.484,G
194,Lance Thomas,7.1,2014-15,26,"NYK,OKC",62,37,0,24,2.9,7.1,2.8,6.8,0.1,0.4,1.2,1.6,1,2.1,3.1,1.1,0.6,0.1,1.2,1.6,7.1,0.412,0.417,0.318,0.727,0.456,0.42,F
195,Marcus Smart,7.1,2014-15,20,BOS,67,38,0,27,2.6,7.1,1.3,3.1,1.4,4.1,1.2,1.9,0.9,2.4,3.3,3.1,1.5,0.3,1.3,2.6,7.8,0.367,0.41,0.335,0.646,0.491,0.462,G
196,Gorgui Dieng,7,2014-15,25,MIN,73,49,0,30,3.5,7,3.5,6.9,0,0.1,2.6,3.3,3.1,5.3,8.3,2,1,1.7,1.7,2.6,9.7,0.506,0.51,0.167,0.783,0.573,0.507,C
197,K.J. McDaniels,7,2014-15,21,"HOU,PHI",62,15,0,21.8,2.8,7,2.1,4.6,0.7,2.4,1.6,2.1,1,2.2,3.2,1.2,0.7,1.1,1.7,2,7.9,0.396,0.454,0.287,0.752,0.494,0.446,G-F
198,Henry Walker,7,2014-15,27,MIA,24,13,0,26.2,2.4,7,0.5,1.5,1.9,5.5,0.6,0.8,0.3,3.1,3.4,1.2,1,0.4,1,3.2,7.3,0.345,0.361,0.341,0.778,0.497,0.479,F
199,Timofey Mozgov,7,2014-15,28,"CLE,DEN",81,80,0,25.2,3.9,7,3.9,6.9,0,0.1,1.9,2.7,2.5,4.8,7.3,0.7,0.4,1.2,1.4,2.8,9.7,0.555,0.557,0.333,0.718,0.594,0.557,C
200,Kris Humphries,7,2014-15,29,WAS,64,17,0,21,3.3,7,3.3,6.9,0,0.1,1.4,1.8,1.8,4.7,6.5,0.9,0.5,0.4,0.7,2,8,0.473,0.481,0,0.744,0.512,0.473,F-C
201,J.J. Barea,7,2014-15,30,DAL,77,10,0,17.7,2.9,7,2.2,4.8,0.7,2.2,1,1.2,0.3,1.4,1.7,3.4,0.4,0,0.9,1.4,7.5,0.42,0.463,0.323,0.809,0.502,0.47,G
202,Tayshaun Prince,6.9,2014-15,34,"BOS,DET,MEM",58,16,0,24.1,3.1,6.9,2.5,5.8,0.5,1.2,0.8,1.1,0.9,2.7,3.6,1.6,0.5,0.3,0.6,0.9,7.5,0.44,0.436,0.463,0.754,0.504,0.479,F
203,Amir Johnson,6.9,2014-15,27,TOR,75,72,0,26.4,4,6.9,3.7,6.3,0.3,0.6,1.1,1.7,2.1,4,6.1,1.6,0.6,0.8,1.5,3,9.3,0.574,0.59,0.413,0.612,0.603,0.592,F-C
204,Ray McCallum,6.9,2014-15,23,SAC,68,30,0,21.1,3,6.9,2.5,5.3,0.5,1.6,0.8,1.2,0.8,1.9,2.6,2.8,0.7,0.2,1.3,1.4,7.4,0.438,0.479,0.306,0.679,0.496,0.474,G
205,Devin Harris,6.9,2014-15,31,DAL,76,3,0,22.2,2.9,6.9,1.6,3.4,1.3,3.5,1.7,2.1,0.2,1.6,1.8,3.1,1,0.2,1.1,1.9,8.8,0.418,0.481,0.357,0.815,0.559,0.509,G
206,Rasual Butler,6.9,2014-15,35,WAS,75,1,0,20.1,2.9,6.9,1.7,3.8,1.2,3.1,0.7,0.9,0.4,2.3,2.6,0.8,0.4,0.3,0.6,1.3,7.7,0.422,0.45,0.387,0.791,0.531,0.51,F-G
207,Henry Sims,6.9,2014-15,24,PHI,73,32,0,19.2,3.3,6.9,3.2,6.6,0.1,0.3,1.5,1.9,1.7,3.3,4.9,1.1,0.5,0.4,1.4,1.8,8,0.474,0.488,0.182,0.774,0.521,0.478,C
208,Adreian Payne,6.9,2014-15,23,"ATL,MIN",32,22,0,23.1,2.8,6.9,2.8,6.6,0,0.3,0.9,1.4,1.5,3.6,5.1,0.9,0.6,0.3,1.4,2.8,6.7,0.414,0.427,0.111,0.652,0.443,0.416,F-C
209,Jerryd Bayless,6.7,2014-15,26,MIL,77,4,0,22.3,2.9,6.7,2.4,5.1,0.5,1.6,1.6,1.8,0.3,2.5,2.7,3,0.8,0.2,1.7,2.1,7.8,0.426,0.462,0.308,0.883,0.519,0.462,G
210,Donald Sloan,6.7,2014-15,27,IND,53,21,0,20.9,2.7,6.7,2,4.2,0.8,2.5,1.1,1.5,0.2,2.5,2.7,3.6,0.4,0,1.2,0.9,7.4,0.408,0.464,0.313,0.779,0.503,0.466,G
211,Ish Smith,6.7,2014-15,26,"OKC,PHI",55,14,0,15.1,2.6,6.7,2.3,5.6,0.3,1.1,0.6,1,0.3,1.5,1.8,3.3,0.7,0.1,1.4,0.9,6.1,0.39,0.407,0.3,0.596,0.431,0.414,G
212,Dwight Buycks,6.7,2014-15,25,LAL,6,0,0,20.5,3,6.7,1.8,4.8,1.2,1.8,1.5,1.7,0.3,1.7,2,2.3,0.5,0,2,0.5,8.7,0.45,0.379,0.636,0.9,0.586,0.538,G
213,Mike Scott,6.7,2014-15,26,ATL,68,0,0,16.5,3,6.7,2,3.8,1,2.8,0.9,1.1,0.7,2.3,2.9,1.1,0.4,0,0.6,1.2,7.8,0.444,0.517,0.344,0.792,0.543,0.517,F
214,Jae Crowder,6.6,2014-15,24,"BOS,DAL",82,17,0,20.1,2.8,6.6,2,4.1,0.7,2.5,1.3,1.7,0.9,2.7,3.6,1.1,0.9,0.3,0.6,1.7,7.7,0.42,0.499,0.293,0.773,0.517,0.476,F
215,Darrell Arthur,6.6,2014-15,26,DEN,58,4,0,17,2.7,6.6,2.2,4.7,0.4,1.9,0.8,1,0.9,2,2.9,1,0.8,0.4,0.8,2.5,6.6,0.404,0.471,0.236,0.78,0.466,0.438,F
216,Patrick Patterson,6.6,2014-15,25,TOR,81,4,0,26.6,3,6.6,1.7,3.1,1.3,3.5,0.8,1,1.6,3.8,5.3,1.9,0.7,0.5,0.7,1.8,8,0.449,0.536,0.371,0.788,0.568,0.547,F
217,Patty Mills,6.6,2014-15,26,SAS,51,0,0,15.7,2.5,6.6,1.3,3,1.2,3.6,0.6,0.8,0.4,1.1,1.5,1.7,0.5,0,0.7,1.1,6.9,0.381,0.429,0.341,0.825,0.496,0.473,G
218,Derrick Williams,6.6,2014-15,23,SAC,74,6,0,19.8,2.9,6.6,2.3,4.4,0.7,2.1,1.8,2.6,0.6,2.2,2.7,0.7,0.5,0.1,0.8,0.9,8.3,0.447,0.511,0.314,0.684,0.54,0.498,F
219,Austin Rivers,6.5,2014-15,22,"LAC,NOP",76,5,0,20.6,2.7,6.5,2.2,4.8,0.5,1.7,1.1,1.7,0.4,1.6,2,2,0.6,0.2,0.9,1.9,7,0.409,0.449,0.298,0.675,0.481,0.449,G
220,DeAndre Jordan,6.5,2014-15,26,LAC,82,82,0,34.4,4.6,6.5,4.6,6.5,0,0,2.3,5.7,4.8,10.1,15,0.7,1,2.2,1.3,3,11.5,0.71,0.713,0.25,0.397,0.638,0.711,C
221,Kevin Garnett,6.5,2014-15,38,"BRK,MIN",47,47,0,20.3,3,6.5,3,6.4,0,0.1,0.8,1,1,5.6,6.6,1.6,1,0.4,1,2.3,6.9,0.467,0.475,0.143,0.8,0.496,0.469,F-C
222,Channing Frye,6.5,2014-15,31,ORL,75,51,0,24.9,2.5,6.5,0.7,1.9,1.8,4.6,0.4,0.5,0.4,3.5,3.9,1.3,0.6,0.5,1,2.5,7.3,0.392,0.39,0.393,0.886,0.546,0.532,C-F
223,Andre Iguodala,6.4,2014-15,31,GSW,77,0,0,26.9,3,6.4,2,3.7,1,2.8,0.9,1.5,0.6,2.8,3.3,3,1.2,0.3,1.1,1.3,7.8,0.466,0.553,0.349,0.596,0.553,0.54,F-G
224,Beno Udrih,6.4,2014-15,32,MEM,79,12,0,18.9,3.1,6.4,2.8,5.2,0.3,1.2,1.1,1.3,0.3,1.6,1.8,2.8,0.6,0.1,1.1,1.1,7.7,0.487,0.539,0.268,0.853,0.55,0.513,G
225,David Lee,6.4,2014-15,31,GSW,49,4,0,18.4,3.3,6.4,3.3,6.3,0,0,1.4,2.1,1.7,3.6,5.2,1.7,0.6,0.5,1,1.7,7.9,0.511,0.514,0,0.654,0.541,0.511,F-C
226,Omri Casspi,6.4,2014-15,26,SAC,67,19,0,21.1,3.1,6.4,2.6,5.1,0.5,1.3,2.1,2.9,0.8,3.1,3.9,1.5,0.5,0.1,1.3,1.6,8.9,0.489,0.512,0.402,0.733,0.58,0.53,F
227,Joakim Noah,6.4,2014-15,29,CHI,67,67,0,30.6,2.8,6.4,2.8,6.3,0,0,1.6,2.6,3.3,6.4,9.6,4.7,0.7,1.1,1.8,3,7.2,0.445,0.447,0,0.603,0.482,0.445,C
228,Larry Sanders,6.4,2014-15,26,MIL,27,26,0,21.7,3.2,6.4,3.2,6.4,0,0,0.9,1.8,2.5,3.7,6.1,0.9,1,1.4,1,3.9,7.3,0.5,0.5,,0.5,0.507,0.5,C-F
229,Marvin Williams,6.3,2014-15,28,CHO,78,37,0,26.1,2.7,6.3,1.5,2.9,1.2,3.4,0.8,1.1,0.7,4.2,4.9,1.3,0.9,0.5,0.8,1.9,7.4,0.424,0.5,0.358,0.713,0.541,0.52,F
230,J.J. Hickson,6.3,2014-15,26,DEN,73,8,0,19.3,3,6.3,3,6.3,0,0,1.6,2.8,2.1,4.1,6.2,0.8,0.5,0.5,1.3,1.9,7.6,0.475,0.477,0,0.577,0.504,0.475,F-C
231,Brian Roberts,6.3,2014-15,29,CHO,72,10,0,18.5,2.4,6.3,1.6,3.6,0.9,2.7,0.9,1,0.2,1.3,1.5,2.3,0.5,0.1,0.8,1,6.7,0.389,0.44,0.321,0.892,0.495,0.458,G
232,Chris Copeland,6.2,2014-15,30,IND,50,12,0,16.6,2.2,6.2,1.2,2.9,1,3.3,0.7,0.9,0.5,1.8,2.2,1,0.2,0.2,1.2,1.6,6.2,0.361,0.42,0.311,0.733,0.468,0.445,F
233,Jusuf Nurki?,6.2,2014-15,20,DEN,62,27,0,17.8,2.8,6.2,2.8,6.1,0,0,1.4,2.1,2,4.1,6.2,0.8,0.8,1.1,1.4,3.3,6.9,0.446,0.449,0,0.636,0.483,0.446,C
234,Vince Carter,6.2,2014-15,38,MEM,66,1,0,16.5,2,6.2,1,2.6,1,3.5,0.7,0.9,0.4,1.6,2,1.2,0.7,0.2,0.7,1.5,5.8,0.333,0.379,0.297,0.789,0.445,0.417,G-F
235,Will Barton,6.1,2014-15,24,"DEN,POR",58,0,0,16.9,2.6,6.1,2.2,4.6,0.4,1.5,1.3,1.6,0.4,2.3,2.8,1.4,0.8,0.3,1.1,1.2,6.8,0.425,0.474,0.271,0.787,0.503,0.458,G
236,Nate Robinson,6.1,2014-15,30,"DEN,LAC",42,1,0,14.1,2.1,6.1,1.4,3.4,0.7,2.7,0.7,1.1,0.4,0.8,1.2,2.3,0.5,0.1,0.7,1.8,5.7,0.345,0.399,0.277,0.674,0.432,0.406,G
237,Cody Zeller,6,2014-15,22,CHO,62,45,0,24,2.8,6,2.8,6,0,0,2,2.6,1.6,4.3,5.8,1.6,0.5,0.8,1,2.5,7.6,0.461,0.46,1,0.774,0.53,0.462,C-F
238,P.J. Hairston,6,2014-15,22,CHO,45,2,0,15.3,1.9,6,0.8,2.4,1.1,3.6,0.7,0.8,0.5,1.6,2,0.5,0.5,0.3,0.5,1.4,5.6,0.323,0.358,0.301,0.861,0.446,0.414,G-F
239,Mason Plumlee,6,2014-15,24,BRK,82,45,0,21.3,3.4,6,3.4,5.9,0,0,1.9,3.9,2.1,4.1,6.2,0.9,0.8,0.8,1.3,2.5,8.7,0.573,0.576,0,0.495,0.57,0.573,C-F
240,Quincy Pondexter,6,2014-15,26,"MEM,NOP",75,30,0,23.9,2.5,6,1.3,2.7,1.2,3.3,0.9,1.3,0.7,1.9,2.6,1.3,0.3,0.3,0.7,2,7.2,0.421,0.478,0.373,0.74,0.55,0.522,G-F
241,Tristan Thompson,6,2014-15,23,CLE,82,15,0,26.8,3.3,6,3.3,6,0,0,1.9,3,3.3,4.7,8,0.5,0.4,0.7,1,2.3,8.5,0.547,0.547,,0.641,0.58,0.547,F-C
242,Alan Anderson,5.9,2014-15,32,BRK,74,19,0,23.6,2.6,5.9,1.6,3.1,1,2.8,1.1,1.4,0.4,2.3,2.8,1.1,0.8,0.1,0.8,2,7.4,0.443,0.53,0.348,0.812,0.563,0.526,G-F
243,Ryan Kelly,5.9,2014-15,23,LAL,52,34,0,23.7,2,5.9,1.1,3.4,0.9,2.6,1.5,1.8,0.3,2.6,2.8,1.8,0.6,0.5,0.7,2.3,6.4,0.337,0.337,0.336,0.832,0.473,0.409,F
244,Ed Davis,5.9,2014-15,25,LAL,79,24,0,23.3,3.6,5.9,3.6,5.9,0,0,1.2,2.4,2.9,4.7,7.6,1.2,0.6,1.2,0.7,2.6,8.3,0.601,0.601,,0.487,0.594,0.601,F
245,CJ McCollum,5.9,2014-15,23,POR,62,3,0,15.7,2.6,5.9,1.7,3.6,0.9,2.2,0.8,1.2,0.2,1.2,1.5,1,0.7,0.1,0.8,1.3,6.8,0.436,0.46,0.396,0.699,0.534,0.511,G
246,Willie Green,5.9,2014-15,33,ORL,52,2,0,18.3,2.3,5.9,1.5,3.6,0.8,2.3,0.5,0.7,0.3,1.3,1.5,1.3,0.5,0.1,0.9,1.6,5.9,0.386,0.411,0.347,0.824,0.477,0.454,G
247,Jared Dudley,5.9,2014-15,29,MIL,72,22,0,23.8,2.8,5.9,1.7,3.2,1,2.7,0.7,0.9,0.6,2.4,3.1,1.8,1,0.2,0.9,1.6,7.2,0.468,0.537,0.385,0.716,0.572,0.556,F-G
248,Trevor Booker,5.9,2014-15,27,UTA,79,5,0,19.8,2.9,5.9,2.5,4.8,0.4,1.1,1.1,1.9,1.8,3.3,5,1.1,0.5,0.5,1.1,1.8,7.2,0.487,0.518,0.345,0.581,0.536,0.518,F
249,Tyson Chandler,5.9,2014-15,32,DAL,75,75,0,30.5,3.9,5.9,3.9,5.9,0,0,2.5,3.4,3.9,7.6,11.5,1.1,0.6,1.2,1.4,2.3,10.3,0.666,0.666,,0.72,0.697,0.666,C
250,Leandro Barbosa,5.8,2014-15,32,GSW,66,1,0,14.9,2.8,5.8,2.1,4.2,0.7,1.7,0.9,1.1,0.3,1,1.4,1.5,0.6,0.1,0.7,1.3,7.1,0.474,0.511,0.384,0.784,0.558,0.53,G
251,Tiago Splitter,5.8,2014-15,30,SAS,52,35,0,19.8,3.3,5.8,3.3,5.8,0,0,1.7,2.3,1.8,3.1,4.8,1.5,0.7,0.7,1.2,2,8.2,0.558,0.558,,0.75,0.601,0.558,F-C
252,Chase Budinger,5.8,2014-15,26,MIN,67,4,0,19.2,2.5,5.8,1.7,3.7,0.8,2.1,1,1.2,0.5,2.5,3,1,0.7,0.1,0.7,1.1,6.8,0.433,0.474,0.364,0.827,0.537,0.5,F
253,Jason Terry,5.8,2014-15,37,HOU,77,18,0,21.3,2.4,5.8,0.8,1.6,1.6,4.2,0.5,0.6,0.2,1.4,1.6,1.9,0.9,0.2,1,1.5,7,0.422,0.504,0.39,0.813,0.579,0.563,G
254,Kirk Hinrich,5.8,2014-15,34,CHI,66,22,0,24.4,2.2,5.8,1.3,3.2,0.9,2.5,0.5,0.8,0.3,1.5,1.8,2.2,0.7,0.2,1.1,2.2,5.7,0.373,0.394,0.345,0.7,0.468,0.449,G
255,James Johnson,5.8,2014-15,27,TOR,70,17,0,19.6,3.4,5.8,3.2,5,0.2,0.7,1,1.5,0.9,2.8,3.7,1.4,0.8,1,1.1,2.2,7.9,0.589,0.643,0.216,0.657,0.617,0.603,F
256,Steven Adams,5.7,2014-15,21,OKC,70,67,0,25.3,3.1,5.7,3.1,5.7,0,0,1.5,2.9,2.8,4.6,7.5,0.9,0.5,1.2,1.4,3.2,7.7,0.544,0.547,0,0.502,0.549,0.544,C
257,Kevin Séraphin,5.7,2014-15,25,WAS,79,0,0,15.6,2.9,5.7,2.9,5.7,0,0,0.7,1,1.1,2.5,3.6,0.7,0.1,0.7,1.2,2.5,6.6,0.513,0.516,0,0.707,0.535,0.513,F
258,Spencer Hawes,5.7,2014-15,26,LAC,73,15,0,17.5,2.2,5.7,1.5,3.3,0.8,2.4,0.6,0.9,0.4,3.1,3.5,1.2,0.3,0.7,0.8,2.4,5.8,0.393,0.452,0.313,0.647,0.478,0.459,C-F
259,Shane Larkin,5.7,2014-15,22,NYK,76,22,0,24.5,2.5,5.7,2,4.2,0.5,1.5,0.8,1,0.4,1.9,2.3,3,1.2,0.1,1.1,2,6.2,0.433,0.481,0.302,0.782,0.504,0.473,G
260,Charlie Villanueva,5.7,2014-15,30,DAL,64,1,0,10.6,2.3,5.7,1,2.2,1.3,3.5,0.3,0.5,0.5,1.9,2.3,0.3,0.2,0.3,0.4,1,6.3,0.414,0.475,0.376,0.571,0.534,0.529,F
261,Ricky Ledo,5.6,2014-15,22,"DAL,NYK",17,0,0,14.4,1.9,5.6,1.3,4.1,0.6,1.6,0.9,1.3,0.9,1.2,2.1,1.1,0.4,0.1,1.5,1.2,5.3,0.333,0.319,0.37,0.727,0.426,0.385,G
262,Kyle Singler,5.6,2014-15,26,"DET,OKC",80,58,0,21.8,2.2,5.6,1,2.6,1.2,3,0.5,0.7,0.4,2,2.4,1.1,0.6,0.3,0.7,1.9,6,0.386,0.371,0.398,0.769,0.512,0.493,F
263,Tim Frazier,5.5,2014-15,24,"PHI,POR",11,3,0,21.7,1.9,5.5,1.5,4,0.5,1.5,0.9,1.9,0.5,2,2.5,5.5,0.7,0,2.3,2.4,5.2,0.344,0.364,0.294,0.476,0.406,0.385,G
264,Cleanthony Early,5.5,2014-15,23,NYK,39,7,0,16.6,1.9,5.5,1.4,3.3,0.6,2.2,0.9,1.2,0.6,1.9,2.5,0.9,0.6,0.3,1,1.5,5.4,0.355,0.415,0.262,0.75,0.447,0.407,F
265,Ömer A??k,5.4,2014-15,28,NOP,76,76,0,26.1,2.8,5.4,2.8,5.4,0,0,1.7,3,3.2,6.6,9.8,0.9,0.4,0.7,1.3,1.9,7.3,0.517,0.517,,0.582,0.545,0.517,C
266,Jerami Grant,5.4,2014-15,20,PHI,65,11,0,21.2,1.9,5.4,1.2,3,0.8,2.4,1.8,3,0.8,2.3,3,1.2,0.6,1,1.3,2.2,6.3,0.352,0.383,0.314,0.591,0.47,0.422,F
267,Drew Gooden,5.4,2014-15,33,WAS,51,7,0,16.9,2.2,5.4,1.7,4.3,0.5,1.2,0.7,0.9,1.4,3,4.4,1,0.4,0.2,0.5,1.8,5.4,0.399,0.401,0.39,0.773,0.469,0.44,F
268,Danny Granger,5.4,2014-15,31,MIA,30,6,0,20.4,2.2,5.4,1.2,2.6,1,2.8,0.9,1.2,0.7,2,2.7,0.6,0.4,0.2,0.8,2.2,6.3,0.401,0.449,0.357,0.757,0.527,0.494,F
269,T.J. Warren,5.4,2014-15,21,PHO,40,1,0,15.4,2.8,5.4,2.7,4.8,0.1,0.5,0.4,0.5,1,1.1,2.1,0.6,0.5,0.2,0.7,1.3,6.1,0.528,0.56,0.238,0.737,0.551,0.54,F
270,Jeremy Lamb,5.3,2014-15,22,OKC,47,8,0,13.5,2.2,5.3,1.4,3,0.8,2.4,1,1.2,0.2,2.1,2.3,0.9,0.4,0.1,0.6,1.1,6.3,0.416,0.475,0.342,0.891,0.538,0.492,G-F
271,Chris Johnson,5.3,2014-15,24,"MIL,PHI,UTA",29,2,0,18.1,2.1,5.3,1.2,2,1,3.3,0.5,0.6,0.3,1.6,1.9,0.5,0.9,0.2,0.5,1.5,5.7,0.403,0.576,0.295,0.875,0.515,0.494,F-G
272,Shelvin Mack,5.3,2014-15,24,ATL,55,0,0,15.1,2.1,5.3,1.4,3,0.7,2.3,0.5,0.6,0.1,1.3,1.4,2.8,0.5,0,0.9,0.6,5.4,0.401,0.467,0.315,0.806,0.489,0.469,G
273,Andrew Bogut,5.3,2014-15,30,GSW,67,65,0,23.6,3,5.3,3,5.3,0,0,0.3,0.6,2.1,6,8.1,2.7,0.6,1.7,1.6,2.8,6.3,0.563,0.563,,0.524,0.565,0.563,C
274,Jason Thompson,5.3,2014-15,28,SAC,81,63,0,24.6,2.5,5.3,2.5,5.3,0,0,1.1,1.8,1.7,4.8,6.5,1,0.4,0.7,1,3,6.1,0.47,0.471,0,0.622,0.5,0.47,F-C
275,Otto Porter Jr.,5.3,2014-15,21,WAS,74,13,0,19.4,2.4,5.3,1.9,3.9,0.5,1.4,0.8,1.1,0.9,2,3,0.9,0.6,0.4,0.7,1.3,6,0.45,0.491,0.337,0.734,0.523,0.495,F
276,Carl Landry,5.3,2014-15,31,SAC,70,15,0,17,2.7,5.3,2.7,5.3,0,0,1.8,2.1,1.4,2.4,3.8,0.4,0.2,0.2,0.8,1.9,7.2,0.515,0.515,,0.82,0.578,0.515,F
277,A.J. Price,5.3,2014-15,28,"CLE,IND,PHO",26,0,0,12.5,2,5.3,1.4,3.1,0.6,2.2,0.6,0.9,0.2,1,1.2,1.8,0.3,0,0.5,0.6,5.1,0.372,0.45,0.263,0.667,0.451,0.427,G
278,Ben Gordon,5.3,2014-15,31,ORL,56,0,0,14.1,2.3,5.3,1.7,3.5,0.6,1.7,1,1.2,0.1,1,1.1,0.9,0.3,0,1,1.1,6.2,0.437,0.475,0.361,0.836,0.538,0.497,G
279,Tyler Johnson,5.2,2014-15,22,MIA,32,2,0,18.8,2.2,5.2,1.6,3.7,0.6,1.5,1,1.5,0.4,2.1,2.5,1.3,1,0.3,0.9,1.3,5.9,0.419,0.437,0.375,0.681,0.506,0.473,G
280,Ramon Sessions,5.2,2014-15,28,"SAC,WAS",64,10,0,18.6,2,5.2,1.7,4.3,0.3,0.9,2.1,2.7,0.4,1.9,2.3,2.8,0.5,0,1.3,1.1,6.3,0.374,0.387,0.317,0.769,0.49,0.403,G
281,Anthony Bennett,5.2,2014-15,21,MIN,57,3,0,15.7,2.2,5.2,2.1,4.8,0.1,0.4,0.7,1.1,0.9,2.9,3.8,0.8,0.5,0.3,0.6,1.5,5.2,0.421,0.431,0.304,0.641,0.458,0.433,F
282,Rudy Gobert,5.2,2014-15,22,UTA,82,37,0,26.3,3.1,5.2,3.1,5.2,0,0,2.1,3.3,3.2,6.2,9.5,1.3,0.8,2.3,1.4,2.1,8.4,0.604,0.607,0,0.623,0.627,0.604,C
283,Cory Joseph,5.2,2014-15,23,SAS,79,14,0,18.3,2.6,5.2,2.4,4.6,0.2,0.6,1.3,1.8,0.6,1.9,2.4,2.4,0.6,0.2,0.8,1.3,6.8,0.504,0.52,0.364,0.734,0.564,0.523,G
284,Ronnie Price,5.2,2014-15,31,LAL,43,20,0,22.8,1.8,5.2,1.1,2.7,0.7,2.5,0.8,1,0.4,1.2,1.6,3.8,1.6,0.1,1.2,2.7,5.1,0.345,0.404,0.284,0.8,0.455,0.415,G
285,Anthony Tolliver,5.2,2014-15,29,"DET,PHO",76,11,0,18.8,2.1,5.2,0.7,1.4,1.4,3.8,0.7,0.9,0.7,2.4,3.1,0.8,0.3,0.2,0.7,1.8,6.3,0.41,0.534,0.366,0.783,0.569,0.545,F-C
286,John Henson,5.2,2014-15,24,MIL,67,11,0,18.3,2.9,5.2,2.9,5.2,0,0,1.2,2,1.9,2.8,4.7,0.9,0.4,2,1.3,2.3,7,0.566,0.566,,0.569,0.578,0.566,C-F
287,Mitch McGary,5.2,2014-15,22,OKC,32,2,0,15.2,2.8,5.2,2.8,5.1,0,0.1,0.8,1.3,1.7,3.5,5.2,0.4,0.5,0.5,1,2.3,6.3,0.533,0.54,0,0.625,0.55,0.533,F-C
288,Tony Snell,5.2,2014-15,23,CHI,72,22,0,19.6,2.2,5.2,1.2,2.4,1,2.7,0.6,0.8,0.4,2,2.4,0.9,0.4,0.2,0.7,1.2,6,0.429,0.494,0.371,0.8,0.55,0.527,G-F
289,Dante Cunningham,5.1,2014-15,27,NOP,66,27,0,25,2.3,5.1,2.3,5,0,0.2,0.4,0.7,1.1,2.8,3.9,0.8,0.7,0.6,0.5,1.5,5.2,0.457,0.468,0.1,0.617,0.473,0.459,F
290,Alex Len,5.1,2014-15,21,PHO,69,44,0,22,2.6,5.1,2.6,5.1,0,0,1.1,1.5,2.1,4.5,6.6,0.5,0.5,1.5,1.1,3.1,6.3,0.507,0.509,0.333,0.702,0.542,0.508,C
291,Caron Butler,5.1,2014-15,34,DET,78,21,0,20.8,2.1,5.1,1,2.3,1.1,2.8,0.7,0.8,0.3,2.2,2.5,1,0.6,0.1,0.6,1.5,5.9,0.407,0.441,0.379,0.902,0.544,0.511,F
292,Shaun Livingston,5.1,2014-15,29,GSW,78,2,0,18.8,2.5,5.1,2.5,5.1,0,0,0.8,1.2,0.6,1.8,2.3,3.3,0.6,0.3,1.3,1.4,5.9,0.5,0.503,0,0.714,0.529,0.5,G
293,Brandon Davies,5.1,2014-15,23,"BRK,PHI",27,6,0,15.7,2,5.1,1.7,3.8,0.3,1.3,0.9,1.4,1.4,1.7,3.1,1.1,0.7,0.3,1.1,2.2,5.3,0.401,0.456,0.235,0.649,0.463,0.431,F
294,Dante Exum,5.1,2014-15,19,UTA,82,41,0,22.2,1.8,5.1,0.8,1.9,1,3.2,0.2,0.4,0.3,1.3,1.6,2.4,0.5,0.2,1.4,1.8,4.8,0.349,0.408,0.314,0.625,0.457,0.448,G
295,Elijah Millsap,5.1,2014-15,27,UTA,47,5,0,19.7,1.7,5.1,1.1,3.1,0.6,1.9,1.2,1.8,0.6,2.6,3.2,1.2,1.2,0.3,1.4,2.6,5.3,0.34,0.358,0.311,0.674,0.45,0.399,G-F
296,Jonas Jerebko,5.1,2014-15,27,"BOS,DET",75,0,0,16.4,2.3,5.1,1.5,3.2,0.7,1.9,0.7,0.9,1.2,2.5,3.8,0.9,0.6,0.2,0.6,1.8,6,0.446,0.481,0.386,0.848,0.549,0.517,F
297,Sean Kilpatrick,5,2014-15,25,MIN,4,0,0,18,1.8,5,0.8,1.8,1,3.3,1,1,0.3,1.3,1.5,1,0.8,0,0.5,0.8,5.5,0.35,0.429,0.308,1,0.506,0.45,G
298,Gal Mekel,5,2014-15,26,NOP,4,0,0,10.8,0.8,5,0.8,4.3,0,0.8,0,0,0,0.3,0.3,3.3,0.5,0,0.5,0.3,1.5,0.15,0.176,0,,0.15,0.15,G
299,Spencer Dinwiddie,5,2014-15,21,DET,34,1,0,13.4,1.5,5,1.1,3.1,0.4,1.9,0.9,1,0.1,1.3,1.4,3.1,0.6,0.2,1,1.6,4.3,0.302,0.375,0.185,0.912,0.394,0.337,G
300,John Lucas III,5,2014-15,32,DET,21,0,0,13,2,5,1.6,3.6,0.4,1.4,0.2,0.2,0.2,0.6,0.8,2.9,0.4,0,0.8,0.9,4.7,0.404,0.44,0.31,1,0.461,0.447,G
301,Cole Aldrich,4.9,2014-15,26,NYK,61,16,0,16,2.4,4.9,2.4,4.9,0,0,0.8,1,1.7,3.9,5.5,1.2,0.6,1.1,1,2,5.5,0.478,0.478,,0.781,0.513,0.478,C
302,Archie Goodwin,4.9,2014-15,20,PHO,41,2,0,13,1.9,4.9,1.6,3.9,0.3,1,1.5,2,0.7,1.1,1.8,1.1,0.4,0.2,1.2,1.3,5.6,0.393,0.419,0.293,0.735,0.486,0.423,G
303,Quincy Acy,4.9,2014-15,24,NYK,68,22,0,18.9,2.2,4.9,2,4,0.3,0.9,1.1,1.4,1.2,3.3,4.4,1,0.4,0.3,0.9,2.2,5.9,0.459,0.494,0.3,0.784,0.533,0.486,F-C
304,Brandan Wright,4.8,2014-15,27,"BOS,DAL,PHO",75,7,0,19.3,3.1,4.8,3.1,4.8,0,0,1,1.5,1.7,2.6,4.3,0.5,0.7,1.3,0.5,1.4,7.3,0.642,0.647,0,0.696,0.66,0.642,F-C
305,Alexis Ajinça,4.8,2014-15,26,NOP,68,8,0,14.1,2.7,4.8,2.7,4.8,0,0,1.2,1.5,1.5,3.1,4.6,0.7,0.3,0.8,1,2.2,6.5,0.55,0.55,,0.818,0.595,0.55,C-F
306,Larry Drew II,4.8,2014-15,24,PHI,12,1,0,18.3,1.7,4.8,1.3,2.7,0.3,2.2,0.2,0.3,0.1,1.2,1.3,3.8,0.5,0,2.1,1.1,3.8,0.345,0.5,0.154,0.667,0.388,0.379,G
307,Al-Farouq Aminu,4.8,2014-15,24,DAL,74,3,0,18.5,2,4.8,1.5,3.1,0.5,1.7,1.1,1.6,1.5,3.1,4.6,0.8,0.9,0.8,0.7,1.9,5.6,0.412,0.485,0.274,0.712,0.504,0.459,F
308,Thomas Robinson,4.8,2014-15,23,"PHI,POR",54,4,0,14.8,2.3,4.8,2.3,4.8,0,0,1,2,1.8,3.9,5.6,0.6,0.6,0.4,1.1,1.9,5.7,0.485,0.488,0,0.528,0.502,0.485,F
309,Lou Amundson,4.8,2014-15,32,"CLE,NYK",53,35,0,17.7,2.1,4.8,2.1,4.8,0,0,0.8,1.6,1.8,3.3,5.1,1.3,0.4,1,1.2,2.4,4.9,0.427,0.429,0,0.471,0.442,0.427,F-C
310,Thabo Sefolosha,4.8,2014-15,30,ATL,52,7,0,18.8,2,4.8,1.5,3.3,0.5,1.5,0.9,1.1,1,3.3,4.3,1.4,1,0.4,0.7,1.3,5.3,0.418,0.462,0.321,0.776,0.506,0.468,G-F
311,Shawne Williams,4.8,2014-15,28,"DET,MIA",63,22,0,17.3,1.9,4.8,0.9,1.9,1,2.8,0.6,0.6,0.6,2.1,2.6,0.7,0.4,0.3,0.5,2.1,5.4,0.403,0.467,0.36,0.875,0.537,0.51,F
312,Andrew Nicholson,4.8,2014-15,25,ORL,40,3,0,12.3,2.1,4.8,1.8,3.7,0.3,1,0.4,0.6,0.4,1.6,2.1,0.6,0.2,0.3,0.6,1.3,4.9,0.437,0.47,0.317,0.6,0.483,0.471,F
313,Lavoy Allen,4.7,2014-15,25,IND,63,0,0,17,2.2,4.7,2.2,4.7,0,0,0.5,0.7,2,3.2,5.1,1.2,0.2,0.7,0.6,1.6,5,0.472,0.472,,0.702,0.493,0.472,F-C
314,Kyle O'Quinn,4.7,2014-15,24,ORL,51,17,0,16.2,2.3,4.7,2.1,3.9,0.2,0.8,0.9,1.1,0.9,3,3.9,1.2,0.6,0.8,1.1,2.2,5.8,0.492,0.538,0.279,0.772,0.55,0.517,F-C
315,Pero Anti?,4.7,2014-15,32,ATL,63,3,0,16.5,1.7,4.7,0.9,2,0.8,2.7,1.4,2,0.9,2.1,3,0.8,0.3,0.2,0.8,2.1,5.7,0.365,0.455,0.301,0.715,0.508,0.453,C-F
316,Shawn Marion,4.7,2014-15,36,CLE,57,24,0,19.3,2.1,4.7,1.9,3.9,0.2,0.8,0.5,0.6,1.1,2.4,3.5,0.9,0.5,0.5,0.6,1,4.8,0.446,0.484,0.261,0.765,0.489,0.468,F
317,JaKarr Sampson,4.7,2014-15,21,PHI,74,32,0,15.3,2,4.7,1.6,3,0.4,1.7,0.9,1.3,0.5,1.7,2.2,1,0.5,0.4,1,1.8,5.2,0.422,0.525,0.244,0.67,0.498,0.467,G-F
318,Aron Baynes,4.7,2014-15,28,SAS,70,17,0,16,2.6,4.7,2.6,4.6,0,0.1,1.3,1.5,1.6,3,4.5,0.5,0.2,0.3,0.9,2.3,6.6,0.566,0.57,0.25,0.865,0.618,0.567,C
319,Bryce Cotton,4.6,2014-15,22,UTA,15,0,0,10.6,1.9,4.6,1.5,3.3,0.5,1.3,1,1.2,0.2,1,1.2,1,0.3,0,0.8,0.4,5.3,0.42,0.449,0.35,0.833,0.52,0.471,G
320,Matthew Dellavedova,4.6,2014-15,24,CLE,67,13,0,20.6,1.7,4.6,0.6,2.1,1,2.5,0.4,0.6,0.6,1.3,1.9,3,0.4,0,0.9,2.3,4.8,0.362,0.307,0.407,0.763,0.493,0.472,G
321,Kostas Papanikolaou,4.6,2014-15,24,HOU,43,1,0,18.5,1.6,4.6,0.9,2.1,0.7,2.5,0.3,0.4,0.9,1.8,2.7,2,0.7,0.3,1.3,1.7,4.2,0.35,0.418,0.292,0.722,0.444,0.429,F
322,Robert Sacre,4.6,2014-15,25,LAL,67,18,0,16.9,1.9,4.6,1.9,4.6,0,0,0.8,1.2,1.3,2.1,3.5,0.8,0.4,0.6,0.5,1.8,4.6,0.412,0.413,0,0.671,0.449,0.412,C
323,Francisco García,4.5,2014-15,33,HOU,14,0,0,14.3,1.2,4.5,0.5,1.3,0.7,3.2,0.1,0.3,0.2,1,1.2,1.1,0.6,0.4,0.7,1.4,3.2,0.27,0.389,0.222,0.25,0.347,0.349,F-G
324,Joe Ingles,4.5,2014-15,27,UTA,79,32,0,21.2,1.9,4.5,0.9,1.9,0.9,2.6,0.4,0.5,0.3,1.9,2.2,2.3,0.9,0.1,1.2,1.6,5,0.415,0.493,0.356,0.75,0.533,0.517,F-G
325,Shabazz Napier,4.5,2014-15,23,MIA,51,10,0,19.8,1.7,4.5,0.9,2.2,0.8,2.3,0.9,1.1,0.3,1.9,2.2,2.5,0.8,0.1,1.6,1.5,5.1,0.382,0.4,0.364,0.786,0.517,0.476,G
326,Markel Brown,4.5,2014-15,23,BRK,47,29,0,16.6,1.6,4.5,1.3,3.1,0.4,1.4,1,1.2,0.3,1.9,2.3,0.8,0.7,0.3,0.6,1.2,4.6,0.362,0.404,0.266,0.825,0.459,0.402,G
327,Meyers Leonard,4.5,2014-15,22,POR,55,7,0,15.4,2.3,4.5,1.4,2.4,0.9,2,0.5,0.6,0.8,3.7,4.5,0.6,0.2,0.3,0.7,2.1,5.9,0.51,0.586,0.42,0.938,0.631,0.606,C-F
328,Will Bynum,4.4,2014-15,32,WAS,7,0,0,9.6,1.4,4.4,1.4,3.1,0,1.3,0.3,0.6,0.3,0.6,0.9,2.6,0.1,0.1,1.1,1.3,3.1,0.323,0.455,0,0.5,0.336,0.323,G
329,Aaron Gordon,4.4,2014-15,19,ORL,47,8,0,17,2,4.4,1.7,3.4,0.3,1,0.9,1.3,1,2.6,3.6,0.7,0.4,0.5,0.8,1.8,5.2,0.447,0.5,0.271,0.721,0.517,0.478,F
330,Kosta Koufos,4.4,2014-15,25,MEM,81,3,0,16.6,2.2,4.4,2.2,4.4,0,0,0.7,1,1.5,3.8,5.3,0.5,0.4,0.8,0.9,1.8,5.2,0.508,0.508,,0.647,0.53,0.508,C
331,Kent Bazemore,4.4,2014-15,25,ATL,75,10,0,17.7,1.9,4.4,1.2,2.7,0.6,1.8,0.8,1.3,0.3,2.7,3,1,0.7,0.4,1,1.7,5.2,0.426,0.467,0.364,0.6,0.52,0.498,G-F
332,Jordan Farmar,4.4,2014-15,28,LAC,36,0,0,14.7,1.7,4.4,0.7,1.7,1,2.7,0.3,0.3,0.2,0.9,1.2,1.9,0.6,0.1,0.9,1.4,4.6,0.386,0.426,0.361,0.909,0.513,0.497,G
333,Richard Jefferson,4.4,2014-15,34,DAL,74,18,0,16.8,1.9,4.4,1.1,2.3,0.9,2.1,1.1,1.5,0.3,2.1,2.5,0.8,0.4,0.1,0.7,1.6,5.8,0.444,0.462,0.426,0.684,0.577,0.546,F
334,Tyler Ennis,4.4,2014-15,20,"MIL,PHO",33,1,0,12.5,1.6,4.4,1.2,3.1,0.4,1.3,0.2,0.2,0.2,0.8,1.1,2.2,0.5,0.2,1.3,1.1,3.7,0.361,0.396,0.279,0.714,0.411,0.403,G
335,Justin Hamilton,4.3,2014-15,24,"MIA,MIN",41,14,0,17.4,2.1,4.3,1.8,3.6,0.2,0.8,1,1.1,1.4,1.9,3.3,0.9,0.7,0.7,0.6,1.7,5.3,0.478,0.51,0.323,0.83,0.551,0.506,C
336,Tarik Black,4.3,2014-15,23,"HOU,LAL",63,39,0,19,2.5,4.3,2.5,4.3,0,0,1,1.9,2.3,3.6,5.8,0.7,0.3,0.4,0.8,2.5,6,0.575,0.577,0,0.551,0.583,0.575,C-F
337,Jon Leuer,4.3,2014-15,25,MEM,63,6,0,13.1,1.9,4.3,1.8,3.9,0.1,0.5,0.6,0.9,0.8,2.5,3.3,0.7,0.3,0.1,0.6,1.4,4.5,0.443,0.467,0.241,0.627,0.478,0.456,F
338,Perry Jones,4.3,2014-15,23,OKC,43,13,0,14.7,1.7,4.3,1.4,2.9,0.3,1.4,0.6,0.9,0.1,1.6,1.8,0.4,0.4,0.2,0.6,1.2,4.3,0.397,0.476,0.233,0.649,0.459,0.435,F
339,Nick Calathes,4.3,2014-15,25,MEM,58,0,0,14.4,1.8,4.3,1.6,3.5,0.2,0.7,0.4,0.8,0.3,1.5,1.8,2.5,1.1,0.1,1.1,1.7,4.2,0.421,0.456,0.256,0.533,0.455,0.443,G
340,Toney Douglas,4.3,2014-15,28,NOP,12,0,0,14.8,1.6,4.3,1.2,2.8,0.4,1.5,0.7,1.1,0.2,1.7,1.8,2,0.9,0.3,0.8,1.7,4.3,0.373,0.424,0.278,0.615,0.45,0.422,G
341,Gigi Datome,4.2,2014-15,27,"BOS,DET",21,1,0,10,2,4.2,1.2,2.3,0.9,1.9,0,0,0.1,1.2,1.4,0.4,0.1,0.3,0.4,0.7,5,0.483,0.51,0.45,1,0.587,0.584,F
342,Lorenzo Brown,4.2,2014-15,24,MIN,29,7,0,18.9,1.8,4.2,1.6,3.2,0.2,1,0.4,0.7,0.5,1.9,2.4,3.1,1,0.2,1,1.7,4.2,0.426,0.489,0.214,0.632,0.468,0.451,G
343,Austin Daye,4.1,2014-15,26,"ATL,SAS",34,4,0,10.1,1.5,4.1,0.8,2.1,0.7,2.1,0.1,0.2,0.3,1.9,2.2,0.5,0.4,0.1,0.7,1.1,3.8,0.355,0.371,0.338,0.833,0.449,0.44,F
344,John Jenkins,4.1,2014-15,23,ATL,24,3,0,12.4,2,4.1,1.2,2,0.9,2.2,0.7,0.8,0.1,1.5,1.6,0.5,0.4,0,0.3,0.6,5.6,0.495,0.596,0.404,0.842,0.629,0.601,G
345,Travis Wear,4.1,2014-15,24,NYK,51,1,0,13.2,1.6,4.1,1.4,3.5,0.2,0.6,0.4,0.5,0.6,1.5,2.1,0.8,0.3,0.2,0.7,1.1,3.9,0.402,0.408,0.367,0.769,0.451,0.428,F
346,Samuel Dalembert,4.1,2014-15,33,NYK,32,21,0,17,1.8,4.1,1.8,4.1,0,0,0.4,0.6,1.7,3.6,5.3,0.9,0.4,1.3,1.2,2.2,4,0.438,0.438,,0.7,0.461,0.438,C
347,Sergey Karasev,4.1,2014-15,21,BRK,33,16,0,16.8,1.6,4.1,1.2,2.4,0.5,1.6,0.9,1.2,0.7,1.3,2,1.4,0.7,0,0.7,1.4,4.6,0.403,0.475,0.296,0.763,0.508,0.463,G-F
348,Nik Stauskas,4.1,2014-15,21,SAC,73,1,0,15.4,1.5,4.1,0.8,2,0.7,2,0.8,0.9,0.2,1.1,1.2,0.9,0.3,0.2,0.5,1.3,4.4,0.365,0.408,0.322,0.859,0.492,0.446,G
349,Steve Blake,4,2014-15,34,POR,81,0,0,18.9,1.5,4,0.6,1.3,1,2.7,0.4,0.5,0.2,1.5,1.7,3.6,0.5,0.1,1.3,1.5,4.3,0.373,0.417,0.352,0.707,0.507,0.491,G
350,James Ennis III,4,2014-15,24,MIA,62,3,0,17,1.6,4,1.1,2.5,0.5,1.5,1.3,1.5,0.8,2,2.8,0.8,0.4,0.3,0.6,1.4,5,0.409,0.461,0.326,0.84,0.541,0.472,F
351,Justin Holiday,4,2014-15,25,GSW,59,4,0,11.1,1.5,4,0.9,2.1,0.6,1.8,0.6,0.8,0.2,1,1.2,0.8,0.7,0.2,0.5,0.9,4.3,0.387,0.444,0.321,0.822,0.498,0.462,F
352,Dorell Wright,4,2014-15,29,POR,48,2,0,12.3,1.5,4,0.6,1.7,0.9,2.3,0.7,0.9,0.3,2,2.3,0.9,0.4,0.2,0.4,1.1,4.6,0.379,0.378,0.38,0.81,0.525,0.487,F-G
353,Gary Harris,3.9,2014-15,20,DEN,55,6,0,13.1,1.2,3.9,0.8,2.1,0.4,1.9,0.6,0.9,0.4,0.8,1.2,0.5,0.7,0.1,0.7,1.3,3.4,0.304,0.395,0.204,0.745,0.395,0.353,G
354,Jeff Taylor,3.9,2014-15,25,CHO,29,13,0,14.8,1.6,3.9,1.2,2.7,0.4,1.2,0.9,1.4,0.5,1.3,1.8,0.8,0.4,0,0.7,1.2,4.4,0.395,0.436,0.306,0.634,0.481,0.443,F
355,Jannero Pargo,3.9,2014-15,35,CHO,9,0,0,8.1,1.7,3.9,0.7,1.4,1,2.4,0.2,0.2,0,0.3,0.3,0.9,0,0,0.3,0.9,4.6,0.429,0.462,0.409,1,0.571,0.557,G
356,Damjan Rude,3.9,2014-15,28,IND,68,2,0,15.4,1.8,3.9,0.7,1.4,1,2.5,0.2,0.3,0.1,0.6,0.7,0.8,0.2,0.1,0.7,1.2,4.8,0.452,0.538,0.406,0.696,0.591,0.584,F
357,Udonis Haslem,3.9,2014-15,34,MIA,62,25,0,16,1.7,3.9,1.7,3.7,0,0.2,0.7,1,1.1,3,4.2,0.7,0.3,0.2,0.7,1.8,4.2,0.448,0.459,0.2,0.703,0.488,0.452,F-C
358,Nick Collison,3.8,2014-15,34,OKC,66,2,0,16.7,1.6,3.8,1.4,2.9,0.2,0.9,0.7,1,1.4,2.4,3.8,1.4,0.5,0.4,0.7,2.4,4.1,0.419,0.466,0.267,0.692,0.485,0.451,F
359,Robbie Hummel,3.8,2014-15,25,MIN,45,4,0,16.5,1.8,3.8,1.4,2.7,0.4,1.1,0.5,0.6,0.7,2.3,3,0.6,0.4,0.2,0.4,1.9,4.4,0.459,0.521,0.314,0.828,0.536,0.506,F
360,Shannon Brown,3.8,2014-15,29,MIA,5,2,0,17.8,1.4,3.8,0.8,2.4,0.6,1.4,0.6,0.8,0,0.2,0.2,0.6,0.8,0,0.8,1.6,4,0.368,0.333,0.429,0.75,0.482,0.447,G
361,Quincy Miller,3.8,2014-15,22,"DET,SAC",10,0,0,11.9,0.9,3.8,0.6,2,0.3,1.8,0.8,1.1,0.4,1.6,2,0.8,0.7,0.5,0.5,0.9,2.9,0.237,0.3,0.167,0.727,0.338,0.276,F
362,Mike Muscala,3.8,2014-15,23,ATL,40,8,0,12.6,2.1,3.8,1.9,3.2,0.2,0.6,0.6,0.6,1.3,1.7,3,0.6,0.4,0.5,0.5,1.3,4.9,0.55,0.574,0.409,0.88,0.608,0.579,F-C
363,Erick Green,3.8,2014-15,23,DEN,43,1,0,9.5,1.4,3.8,1.1,2.7,0.3,1.1,0.2,0.3,0.2,0.6,0.7,0.9,0.3,0,0.3,0.6,3.4,0.377,0.409,0.298,0.833,0.436,0.42,G
364,Luke Ridnour,3.7,2014-15,33,ORL,47,0,0,14.5,1.6,3.7,1.2,2.4,0.4,1.3,0.4,0.4,0.2,1.3,1.4,2,0.4,0.1,0.8,1.4,4,0.426,0.487,0.317,0.857,0.507,0.483,G
365,Joffrey Lauvergne,3.7,2014-15,23,DEN,24,1,0,11.2,1.5,3.7,1.4,3,0.1,0.7,0.8,1.2,1.1,2.1,3.2,0.5,0.3,0.4,0.9,1.8,3.9,0.404,0.452,0.188,0.643,0.459,0.421,C-F
366,Raymond Felton,3.7,2014-15,30,DAL,29,3,0,9.7,1.5,3.7,1.1,2.5,0.3,1.2,0.4,0.5,0.1,0.8,0.9,1.4,0.4,0.1,0.6,0.6,3.7,0.406,0.458,0.294,0.8,0.48,0.453,G
367,Kendall Marshall,3.6,2014-15,23,MIL,28,3,0,14.9,1.6,3.6,1,2,0.6,1.6,0.3,0.3,0.1,0.9,1,3.1,0.8,0,1.3,0.9,4.2,0.455,0.509,0.391,0.889,0.562,0.545,G
368,Andre Miller,3.6,2014-15,38,"SAC,WAS",81,0,0,15.5,1.8,3.6,1.7,3.2,0.1,0.4,0.7,1,0.5,1.4,1.9,3.5,0.4,0.1,1.3,1.3,4.4,0.5,0.539,0.206,0.753,0.548,0.512,G
369,Johnny O'Bryant,3.5,2014-15,21,MIL,34,15,0,10.8,1.3,3.5,1.3,3.5,0,0,0.4,0.8,0.8,1.1,1.9,0.5,0.1,0.1,0.7,1.3,2.9,0.367,0.367,,0.444,0.379,0.367,F-C
370,James Jones,3.5,2014-15,34,CLE,57,2,0,11.7,1.3,3.5,0.2,0.5,1.1,3.1,0.7,0.8,0.2,0.9,1.1,0.4,0.2,0.1,0.2,1.2,4.4,0.368,0.423,0.36,0.848,0.565,0.525,F-G
371,Maurice Harkless,3.5,2014-15,21,ORL,45,4,0,15,1.4,3.5,1.2,2.3,0.2,1.2,0.5,0.9,0.8,1.5,2.4,0.6,0.7,0.2,0.6,1.5,3.5,0.399,0.52,0.179,0.537,0.449,0.43,F-G
372,Troy Daniels,3.5,2014-15,23,"CHO,HOU,MIN",47,0,0,8.4,1.3,3.5,0.4,1,0.9,2.5,0.2,0.3,0.2,0.5,0.7,0.5,0.1,0,0.4,0.9,3.7,0.37,0.383,0.364,0.846,0.515,0.5,G
373,Phil Pressey,3.5,2014-15,23,BOS,50,0,0,12,1.3,3.5,1,2.2,0.3,1.3,0.7,1,0.3,1.3,1.6,2.3,0.6,0.1,0.8,1.1,3.5,0.368,0.44,0.246,0.673,0.453,0.414,G
374,Miles Plumlee,3.5,2014-15,26,"MIL,PHO",73,28,0,16.4,1.9,3.5,1.9,3.5,0,0,0.3,0.6,1.5,2.8,4.4,0.5,0.6,0.9,0.7,1.5,4,0.535,0.535,,0.478,0.536,0.535,C-F
375,Ian Mahinmi,3.5,2014-15,28,IND,61,6,0,18.8,1.9,3.5,1.9,3.5,0,0,0.5,1.7,1.7,4.1,5.8,0.5,0.5,0.8,1,2.8,4.3,0.552,0.552,,0.304,0.516,0.552,C
376,Chris Andersen,3.5,2014-15,36,MIA,60,20,0,18.9,2,3.5,1.9,3.2,0.1,0.2,1.3,1.9,1.3,3.7,5,0.7,0.4,1,0.7,1.5,5.3,0.58,0.598,0.308,0.667,0.622,0.589,C-F
377,Glen Davis,3.4,2014-15,29,LAC,74,0,0,12.2,1.6,3.4,1.6,3.4,0,0.1,0.8,1.3,0.6,1.7,2.3,0.5,0.6,0.3,0.5,1.8,4,0.459,0.466,0,0.632,0.495,0.459,F-C
378,Alonzo Gee,3.4,2014-15,27,"DEN,POR",54,2,0,12.3,1.6,3.4,1.4,2.8,0.2,0.6,1,1.4,0.7,1.1,1.7,0.5,0.6,0.1,0.6,1.1,4.5,0.468,0.49,0.371,0.701,0.548,0.503,G
379,JaVale McGee,3.4,2014-15,27,"DEN,PHI",23,0,0,11.1,1.8,3.4,1.8,3.4,0,0,1,1.4,0.8,1.9,2.7,0.1,0.1,0.9,0.8,1.3,4.6,0.532,0.532,,0.667,0.567,0.532,C
380,Pablo Prigioni,3.4,2014-15,37,"HOU,NYK",67,3,0,17.9,1.4,3.4,0.5,0.9,0.9,2.5,0.5,0.6,0.4,1.3,1.8,2.6,1.2,0,0.9,1.3,4.1,0.399,0.548,0.343,0.854,0.557,0.524,G
381,Cory Jefferson,3.3,2014-15,24,BRK,50,1,0,10.6,1.5,3.3,1.5,3,0,0.3,0.6,1.1,0.9,2,2.9,0.3,0.2,0.4,0.4,1.2,3.7,0.449,0.48,0.133,0.574,0.48,0.455,F
382,Kendrick Perkins,3.3,2014-15,30,"CLE,OKC",68,3,0,16.9,1.5,3.3,1.5,3.3,0,0,0.6,1.2,1.3,3.4,4.7,0.8,0.2,0.6,1.4,2.4,3.6,0.449,0.451,0,0.506,0.467,0.449,C
383,Jimmer Fredette,3.3,2014-15,25,NOP,50,0,0,10.2,1.3,3.3,1.1,2.4,0.2,1,0.9,0.9,0.2,0.6,0.8,1.2,0.3,0,0.7,0.9,3.6,0.38,0.458,0.188,0.956,0.479,0.407,G
384,James Young,3.3,2014-15,19,BOS,31,0,0,10.7,1.2,3.3,0.6,1.2,0.5,2.1,0.5,0.9,0.3,1.1,1.4,0.4,0.3,0.1,0.2,0.7,3.4,0.353,0.528,0.258,0.552,0.457,0.436,G-F
385,Garrett Temple,3.3,2014-15,28,WAS,52,18,0,14.1,1.3,3.3,0.7,1.6,0.6,1.7,0.7,0.9,0.5,1.3,1.7,1.1,0.8,0.2,0.7,1.5,3.9,0.4,0.427,0.375,0.729,0.534,0.497,G
386,Grant Jerrett,3.3,2014-15,21,"OKC,UTA",8,0,0,6.4,0.9,3.3,0.8,1.4,0.1,1.9,0.1,0.1,0.3,0.9,1.1,0.4,0.3,0.3,0.4,1.4,2,0.269,0.545,0.067,1,0.303,0.288,F
387,Matt Bonner,3.2,2014-15,34,SAS,72,19,0,13,1.3,3.2,0.7,1.4,0.6,1.8,0.4,0.5,0.4,1.2,1.6,0.7,0.1,0.2,0.2,0.9,3.7,0.409,0.462,0.365,0.811,0.536,0.509,F
388,Jason Maxiell,3.1,2014-15,31,CHO,61,0,0,14.4,1.3,3.1,1.3,3.1,0,0,0.7,1.2,1.4,1.9,3.3,0.3,0.3,0.7,0.5,1.6,3.3,0.422,0.422,,0.577,0.455,0.422,F-C
389,Joel Freeland,3.1,2014-15,27,POR,48,8,0,12.9,1.5,3.1,1.5,3.1,0,0,0.4,0.5,1.3,2.7,4,0.3,0.2,0.5,0.5,1.9,3.5,0.49,0.49,,0.84,0.522,0.49,F-C
390,Josh McRoberts,3.1,2014-15,27,MIA,17,4,0,17.4,1.6,3.1,1.2,2,0.5,1.1,0.5,0.8,0.4,2.2,2.6,1.9,0.7,0.2,1.3,2.4,4.2,0.528,0.588,0.421,0.615,0.613,0.604,F-C
391,Luke Babbitt,3,2014-15,25,NOP,63,19,0,13.2,1.5,3,0.5,1.2,0.9,1.8,0.2,0.3,0.2,1.6,1.8,0.4,0.3,0.2,0.4,1,4.1,0.479,0.429,0.513,0.684,0.639,0.633,F
392,Noah Vonleh,3,2014-15,19,CHO,25,0,0,10.4,1.2,3,1,2.5,0.2,0.5,0.7,1,1.1,2.3,3.4,0.2,0.2,0.4,0.4,0.8,3.3,0.395,0.397,0.385,0.692,0.475,0.428,F-C
393,Hedo Türko?lu,3,2014-15,35,LAC,62,2,0,11.4,1.3,3,0.4,0.8,1,2.2,0.1,0.2,0.1,1.5,1.6,0.6,0.3,0.1,0.5,1.1,3.7,0.441,0.469,0.432,0.545,0.602,0.601,F
394,Festus Ezeli,3,2014-15,25,GSW,46,7,0,11,1.7,3,1.7,3,0,0,1.1,1.7,1.3,2.1,3.4,0.2,0.2,0.9,0.7,1.7,4.4,0.547,0.547,,0.628,0.58,0.547,C
395,Patrick Christopher,3,2014-15,26,UTA,4,1,0,7.3,0.8,3,0.8,2,0,1,0,0,0.5,1,1.5,0,0.3,0,0.3,1.5,1.5,0.25,0.375,0,,0.25,0.25,G-F
396,Earl Clark,3,2014-15,27,BRK,10,0,0,9.3,1.1,3,0.7,1.6,0.4,1.4,0.1,0.4,0.1,2.2,2.3,0.3,0.3,0.4,0.6,1.2,2.7,0.367,0.438,0.286,0.25,0.425,0.433,F
397,Allen Crabbe,3,2014-15,22,POR,51,9,0,13.4,1.2,3,0.6,1.3,0.6,1.7,0.2,0.3,0.1,1.3,1.4,0.8,0.4,0.3,0.3,1.5,3.3,0.412,0.485,0.353,0.75,0.525,0.51,G-F
398,Julius Randle,3,2014-15,20,LAL,1,0,0,14,1,3,1,3,0,0,0,2,0,0,0,0,0,0,1,1,2,0.333,0.333,,0,0.258,0.333,F-C
399,Glen Rice Jr.,3,2014-15,24,WAS,5,0,0,8.6,0.6,3,0.4,1.6,0.2,1.4,0.8,1.2,0.4,0.4,0.8,0.4,0,0,0.4,2.2,2.2,0.2,0.25,0.143,0.667,0.312,0.233,G
,,,,,,,,,,,,,,,,,,,,,,,,,,,,,,,,,
,,,,,,,,,,,,,,,,,,,,,,,,,,,,,,,,,
